run_key,shadow_daily_pick_id,sm_fixture_id,bt2_event_id,kickoff_utc,league,eval_status,evaluation_reason,truth_source_at_eval,local_event_status,local_result_home,local_result_away,sm_http_status,sm_event_status,sm_result_home,sm_result_away,sm_has_ft_score,sm_error_message,merged_result_home,merged_result_away,merged_truth_source_sim,root_cause_primary,root_cause_detail,eval_stored_home,eval_stored_away
shadow-dsr-native-full-20260428-214014,506,19427455,,,,pending_result,dsr_parse_status=ok,toa_payload_only_v1,,,,200,FT,4,2,True,,4,2,sportmonks_fixture_api_v1,falta de enlace limpio,sin bt2_event_id; solo sm_fixture_id (evaluación depende de SM/merge),,
shadow-dsr-native-full-20260428-214014,507,19433447,,,,pending_result,dsr_parse_status=ok,toa_payload_only_v1,,,,200,FT,1,0,True,,1,0,sportmonks_fixture_api_v1,falta de enlace limpio,sin bt2_event_id; solo sm_fixture_id (evaluación depende de SM/merge),,
shadow-dsr-native-full-20260428-214014,508,19439255,,,,pending_result,dsr_parse_status=ok,toa_payload_only_v1,,,,200,FT,1,3,True,,1,3,sportmonks_fixture_api_v1,falta de enlace limpio,sin bt2_event_id; solo sm_fixture_id (evaluación depende de SM/merge),,
shadow-dsr-native-full-20260428-214014,509,19439259,,,,pending_result,dsr_parse_status=ok,toa_payload_only_v1,,,,200,FT,2,0,True,,2,0,sportmonks_fixture_api_v1,falta de enlace limpio,sin bt2_event_id; solo sm_fixture_id (evaluación depende de SM/merge),,
shadow-dsr-native-full-20260428-214014,510,19427456,,,,pending_result,dsr_parse_status=ok,toa_payload_only_v1,,,,200,FT,0,0,True,,0,0,sportmonks_fixture_api_v1,falta de enlace limpio,sin bt2_event_id; solo sm_fixture_id (evaluación depende de SM/merge),,
shadow-dsr-native-full-20260428-214014,511,19427457,,,,pending_result,dsr_parse_status=ok,toa_payload_only_v1,,,,200,FT,1,1,True,,1,1,sportmonks_fixture_api_v1,falta de enlace limpio,sin bt2_event_id; solo sm_fixture_id (evaluación depende de SM/merge),,
shadow-dsr-native-full-20260428-214014,512,19427459,,,,pending_result,dsr_parse_status=ok,toa_payload_only_v1,,,,200,FT,3,0,True,,3,0,sportmonks_fixture_api_v1,falta de enlace limpio,sin bt2_event_id; solo sm_fixture_id (evaluación depende de SM/merge),,
shadow-dsr-native-full-20260428-214014,513,19433444,,,,pending_result,dsr_parse_status=ok,toa_payload_only_v1,,,,200,FT,0,1,True,,0,1,sportmonks_fixture_api_v1,falta de enlace limpio,sin bt2_event_id; solo sm_fixture_id (evaluación depende de SM/merge),,
shadow-dsr-native-full-20260428-214014,514,19439256,,,,pending_result,dsr_parse_status=ok,toa_payload_only_v1,,,,200,FT,0,3,True,,0,3,sportmonks_fixture_api_v1,falta de enlace limpio,sin bt2_event_id; solo sm_fixture_id (evaluación depende de SM/merge),,
shadow-dsr-native-full-20260428-214014,515,19439252,,,,pending_result,dsr_parse_status=ok,toa_payload_only_v1,,,,200,FT,2,1,True,,2,1,sportmonks_fixture_api_v1,falta de enlace limpio,sin bt2_event_id; solo sm_fixture_id (evaluación depende de SM/merge),,
shadow-dsr-native-full-20260428-214014,516,19431623,,,,pending_result,dsr_parse_status=ok,toa_payload_only_v1,,,,200,FT,4,1,True,,4,1,sportmonks_fixture_api_v1,falta de enlace limpio,sin bt2_event_id; solo sm_fixture_id (evaluación depende de SM/merge),,
shadow-dsr-native-full-20260428-214014,517,19433478,,,,pending_result,dsr_parse_status=ok,toa_payload_only_v1,,,,200,FT,1,3,True,,1,3,sportmonks_fixture_api_v1,falta de enlace limpio,sin bt2_event_id; solo sm_fixture_id (evaluación depende de SM/merge),,
shadow-dsr-native-full-20260428-214014,518,19433479,,,,pending_result,dsr_parse_status=ok,toa_payload_only_v1,,,,200,FT,2,1,True,,2,1,sportmonks_fixture_api_v1,falta de enlace limpio,sin bt2_event_id; solo sm_fixture_id (evaluación depende de SM/merge),,
shadow-dsr-native-full-20260428-214014,519,19424884,,,,pending_result,dsr_parse_status=ok,toa_payload_only_v1,,,,200,FT,0,0,True,,0,0,sportmonks_fixture_api_v1,falta de enlace limpio,sin bt2_event_id; solo sm_fixture_id (evaluación depende de SM/merge),,
shadow-dsr-native-full-20260428-214014,520,19424889,,,,pending_result,dsr_parse_status=ok,toa_payload_only_v1,,,,200,FT,0,2,True,,0,2,sportmonks_fixture_api_v1,falta de enlace limpio,sin bt2_event_id; solo sm_fixture_id (evaluación depende de SM/merge),,
shadow-dsr-native-full-20260428-214014,521,19424887,,,,pending_result,dsr_parse_status=ok,toa_payload_only_v1,,,,200,FT,1,2,True,,1,2,sportmonks_fixture_api_v1,falta de enlace limpio,sin bt2_event_id; solo sm_fixture_id (evaluación depende de SM/merge),,
shadow-dsr-native-full-20260428-214014,522,19424888,,,,pending_result,dsr_parse_status=ok,toa_payload_only_v1,,,,200,FT,1,0,True,,1,0,sportmonks_fixture_api_v1,falta de enlace limpio,sin bt2_event_id; solo sm_fixture_id (evaluación depende de SM/merge),,
shadow-dsr-native-full-20260428-214014,523,19427640,,,,pending_result,dsr_parse_status=ok,toa_payload_only_v1,,,,200,FT,1,1,True,,1,1,sportmonks_fixture_api_v1,falta de enlace limpio,sin bt2_event_id; solo sm_fixture_id (evaluación depende de SM/merge),,
shadow-dsr-native-full-20260428-214014,524,19427641,,,,pending_result,dsr_parse_status=ok,toa_payload_only_v1,,,,200,FT,0,0,True,,0,0,sportmonks_fixture_api_v1,falta de enlace limpio,sin bt2_event_id; solo sm_fixture_id (evaluación depende de SM/merge),,
shadow-dsr-native-full-20260428-214014,525,19427637,,,,pending_result,dsr_parse_status=ok,toa_payload_only_v1,,,,200,FT,0,0,True,,0,0,sportmonks_fixture_api_v1,falta de enlace limpio,sin bt2_event_id; solo sm_fixture_id (evaluación depende de SM/merge),,
shadow-dsr-native-full-20260428-214014,526,19427644,,,,pending_result,dsr_parse_status=ok,toa_payload_only_v1,,,,200,FT,0,0,True,,0,0,sportmonks_fixture_api_v1,falta de enlace limpio,sin bt2_event_id; solo sm_fixture_id (evaluación depende de SM/merge),,
shadow-dsr-native-full-20260428-214014,527,19433885,,,,pending_result,dsr_parse_status=ok,toa_payload_only_v1,,,,200,FT,0,3,True,,0,3,sportmonks_fixture_api_v1,falta de enlace limpio,sin bt2_event_id; solo sm_fixture_id (evaluación depende de SM/merge),,
shadow-dsr-native-full-20260428-214014,528,19425052,,,,pending_result,dsr_parse_status=ok,toa_payload_only_v1,,,,200,FT,0,1,True,,0,1,sportmonks_fixture_api_v1,falta de enlace limpio,sin bt2_event_id; solo sm_fixture_id (evaluación depende de SM/merge),,
shadow-dsr-native-full-20260428-214014,529,19439426,,,,pending_result,dsr_parse_status=ok,toa_payload_only_v1,,,,200,FT,1,1,True,,1,1,sportmonks_fixture_api_v1,falta de enlace limpio,sin bt2_event_id; solo sm_fixture_id (evaluación depende de SM/merge),,
shadow-dsr-native-full-20260428-214014,530,19427646,,,,pending_result,dsr_parse_status=ok,toa_payload_only_v1,,,,200,FT,3,1,True,,3,1,sportmonks_fixture_api_v1,falta de enlace limpio,sin bt2_event_id; solo sm_fixture_id (evaluación depende de SM/merge),,
shadow-dsr-native-full-20260428-214014,531,19427648,,,,pending_result,dsr_parse_status=ok,toa_payload_only_v1,,,,200,FT,2,0,True,,2,0,sportmonks_fixture_api_v1,falta de enlace limpio,sin bt2_event_id; solo sm_fixture_id (evaluación depende de SM/merge),,
shadow-dsr-native-full-20260428-214014,532,19427655,,,,pending_result,dsr_parse_status=ok,toa_payload_only_v1,,,,200,FT,3,0,True,,3,0,sportmonks_fixture_api_v1,falta de enlace limpio,sin bt2_event_id; solo sm_fixture_id (evaluación depende de SM/merge),,
shadow-dsr-native-full-20260428-214014,533,19427647,,,,pending_result,dsr_parse_status=ok,toa_payload_only_v1,,,,200,FT,2,3,True,,2,3,sportmonks_fixture_api_v1,falta de enlace limpio,sin bt2_event_id; solo sm_fixture_id (evaluación depende de SM/merge),,
shadow-dsr-native-full-20260428-214014,534,19433881,,,,pending_result,dsr_parse_status=ok,toa_payload_only_v1,,,,200,FT,1,1,True,,1,1,sportmonks_fixture_api_v1,falta de enlace limpio,sin bt2_event_id; solo sm_fixture_id (evaluación depende de SM/merge),,
shadow-dsr-native-full-20260428-214014,535,19433879,,,,pending_result,dsr_parse_status=ok,toa_payload_only_v1,,,,200,FT,0,2,True,,0,2,sportmonks_fixture_api_v1,falta de enlace limpio,sin bt2_event_id; solo sm_fixture_id (evaluación depende de SM/merge),,
shadow-dsr-native-full-20260428-214014,536,19425053,,,,pending_result,dsr_parse_status=ok,toa_payload_only_v1,,,,200,FT,1,0,True,,1,0,sportmonks_fixture_api_v1,falta de enlace limpio,sin bt2_event_id; solo sm_fixture_id (evaluación depende de SM/merge),,
shadow-dsr-native-full-20260428-214014,537,19425055,,,,pending_result,dsr_parse_status=ok,toa_payload_only_v1,,,,200,FT,1,1,True,,1,1,sportmonks_fixture_api_v1,falta de enlace limpio,sin bt2_event_id; solo sm_fixture_id (evaluación depende de SM/merge),,
shadow-dsr-native-full-20260428-214014,538,19425060,,,,pending_result,dsr_parse_status=ok,toa_payload_only_v1,,,,200,FT,1,1,True,,1,1,sportmonks_fixture_api_v1,falta de enlace limpio,sin bt2_event_id; solo sm_fixture_id (evaluación depende de SM/merge),,
shadow-dsr-native-full-20260428-214014,539,19425051,,,,pending_result,dsr_parse_status=ok,toa_payload_only_v1,,,,200,FT,1,0,True,,1,0,sportmonks_fixture_api_v1,falta de enlace limpio,sin bt2_event_id; solo sm_fixture_id (evaluación depende de SM/merge),,
shadow-dsr-native-full-20260428-214014,540,19439420,,,,pending_result,dsr_parse_status=ok,toa_payload_only_v1,,,,200,FT,4,1,True,,4,1,sportmonks_fixture_api_v1,falta de enlace limpio,sin bt2_event_id; solo sm_fixture_id (evaluación depende de SM/merge),,
shadow-dsr-native-full-20260428-214014,541,19439425,,,,pending_result,dsr_parse_status=ok,toa_payload_only_v1,,,,200,FT,1,1,True,,1,1,sportmonks_fixture_api_v1,falta de enlace limpio,sin bt2_event_id; solo sm_fixture_id (evaluación depende de SM/merge),,
shadow-dsr-native-full-20260428-214014,542,19439422,,,,pending_result,dsr_parse_status=ok,toa_payload_only_v1,,,,200,FT,1,3,True,,1,3,sportmonks_fixture_api_v1,falta de enlace limpio,sin bt2_event_id; solo sm_fixture_id (evaluación depende de SM/merge),,
shadow-dsr-native-full-20260428-214014,543,19439423,,,,pending_result,dsr_parse_status=ok,toa_payload_only_v1,,,,200,FT,0,2,True,,0,2,sportmonks_fixture_api_v1,falta de enlace limpio,sin bt2_event_id; solo sm_fixture_id (evaluación depende de SM/merge),,
shadow-dsr-native-full-20260428-214014,544,19427651,,,,pending_result,dsr_parse_status=ok,toa_payload_only_v1,,,,200,FT,1,1,True,,1,1,sportmonks_fixture_api_v1,falta de enlace limpio,sin bt2_event_id; solo sm_fixture_id (evaluación depende de SM/merge),,
shadow-dsr-native-full-20260428-214014,545,19427649,,,,pending_result,dsr_parse_status=ok,toa_payload_only_v1,,,,200,FT,2,4,True,,2,4,sportmonks_fixture_api_v1,falta de enlace limpio,sin bt2_event_id; solo sm_fixture_id (evaluación depende de SM/merge),,
shadow-dsr-native-full-20260428-214014,546,19427653,,,,pending_result,dsr_parse_status=ok,toa_payload_only_v1,,,,200,FT,2,0,True,,2,0,sportmonks_fixture_api_v1,falta de enlace limpio,sin bt2_event_id; solo sm_fixture_id (evaluación depende de SM/merge),,
shadow-dsr-native-full-20260428-214014,547,19427654,,,,pending_result,dsr_parse_status=ok,toa_payload_only_v1,,,,200,FT,1,1,True,,1,1,sportmonks_fixture_api_v1,falta de enlace limpio,sin bt2_event_id; solo sm_fixture_id (evaluación depende de SM/merge),,
shadow-dsr-native-full-20260428-214014,548,19433878,,,,pending_result,dsr_parse_status=ok,toa_payload_only_v1,,,,200,FT,2,1,True,,2,1,sportmonks_fixture_api_v1,falta de enlace limpio,sin bt2_event_id; solo sm_fixture_id (evaluación depende de SM/merge),,
shadow-dsr-native-full-20260428-214014,549,19433880,,,,pending_result,dsr_parse_status=ok,toa_payload_only_v1,,,,200,FT,1,1,True,,1,1,sportmonks_fixture_api_v1,falta de enlace limpio,sin bt2_event_id; solo sm_fixture_id (evaluación depende de SM/merge),,
shadow-dsr-native-full-20260428-214014,550,19433884,,,,pending_result,dsr_parse_status=ok,toa_payload_only_v1,,,,200,FT,2,0,True,,2,0,sportmonks_fixture_api_v1,falta de enlace limpio,sin bt2_event_id; solo sm_fixture_id (evaluación depende de SM/merge),,
shadow-dsr-native-full-20260428-214014,551,19425059,,,,pending_result,dsr_parse_status=ok,toa_payload_only_v1,,,,200,FT,0,2,True,,0,2,sportmonks_fixture_api_v1,falta de enlace limpio,sin bt2_event_id; solo sm_fixture_id (evaluación depende de SM/merge),,
shadow-dsr-native-full-20260428-214014,552,19425054,,,,pending_result,dsr_parse_status=ok,toa_payload_only_v1,,,,200,FT,1,0,True,,1,0,sportmonks_fixture_api_v1,falta de enlace limpio,sin bt2_event_id; solo sm_fixture_id (evaluación depende de SM/merge),,
shadow-dsr-native-full-20260428-214014,553,19425056,,,,pending_result,dsr_parse_status=ok,toa_payload_only_v1,,,,200,FT,0,3,True,,0,3,sportmonks_fixture_api_v1,falta de enlace limpio,sin bt2_event_id; solo sm_fixture_id (evaluación depende de SM/merge),,
shadow-dsr-native-full-20260428-214014,554,19425057,,,,pending_result,dsr_parse_status=ok,toa_payload_only_v1,,,,200,FT,3,1,True,,3,1,sportmonks_fixture_api_v1,falta de enlace limpio,sin bt2_event_id; solo sm_fixture_id (evaluación depende de SM/merge),,
shadow-dsr-native-full-20260428-214014,555,19439429,,,,pending_result,dsr_parse_status=ok,toa_payload_only_v1,,,,200,FT,0,3,True,,0,3,sportmonks_fixture_api_v1,falta de enlace limpio,sin bt2_event_id; solo sm_fixture_id (evaluación depende de SM/merge),,
shadow-dsr-native-full-20260428-214014,556,19439427,,,,pending_result,dsr_parse_status=ok,toa_payload_only_v1,,,,200,FT,5,1,True,,5,1,sportmonks_fixture_api_v1,falta de enlace limpio,sin bt2_event_id; solo sm_fixture_id (evaluación depende de SM/merge),,
shadow-dsr-native-full-20260428-214014,557,19439421,,,,pending_result,dsr_parse_status=ok,toa_payload_only_v1,,,,200,FT,1,1,True,,1,1,sportmonks_fixture_api_v1,falta de enlace limpio,sin bt2_event_id; solo sm_fixture_id (evaluación depende de SM/merge),,
shadow-dsr-native-full-20260428-214014,558,19439424,,,,pending_result,dsr_parse_status=ok,toa_payload_only_v1,,,,200,FT,1,2,True,,1,2,sportmonks_fixture_api_v1,falta de enlace limpio,sin bt2_event_id; solo sm_fixture_id (evaluación depende de SM/merge),,
shadow-dsr-native-full-20260428-214014,559,19439428,,,,pending_result,dsr_parse_status=ok,toa_payload_only_v1,,,,200,FT,1,1,True,,1,1,sportmonks_fixture_api_v1,falta de enlace limpio,sin bt2_event_id; solo sm_fixture_id (evaluación depende de SM/merge),,
shadow-dsr-native-full-20260428-214014,560,19425068,,,,pending_result,dsr_parse_status=ok,toa_payload_only_v1,,,,200,FT,0,3,True,,0,3,sportmonks_fixture_api_v1,falta de enlace limpio,sin bt2_event_id; solo sm_fixture_id (evaluación depende de SM/merge),,
shadow-dsr-native-full-20260428-214014,561,19425064,,,,pending_result,dsr_parse_status=ok,toa_payload_only_v1,,,,200,FT,0,2,True,,0,2,sportmonks_fixture_api_v1,falta de enlace limpio,sin bt2_event_id; solo sm_fixture_id (evaluación depende de SM/merge),,
shadow-dsr-native-full-20260428-214014,562,19433614,,,,pending_result,dsr_parse_status=ok,toa_payload_only_v1,,,,200,FT,3,3,True,,3,3,sportmonks_fixture_api_v1,falta de enlace limpio,sin bt2_event_id; solo sm_fixture_id (evaluación depende de SM/merge),,
shadow-dsr-native-full-20260428-214014,563,19439432,,,,pending_result,dsr_parse_status=ok,toa_payload_only_v1,,,,200,FT,1,2,True,,1,2,sportmonks_fixture_api_v1,falta de enlace limpio,sin bt2_event_id; solo sm_fixture_id (evaluación depende de SM/merge),,
shadow-dsr-native-full-20260428-214014,564,19433610,,,,pending_result,dsr_parse_status=ok,toa_payload_only_v1,,,,200,FT,2,2,True,,2,2,sportmonks_fixture_api_v1,falta de enlace limpio,sin bt2_event_id; solo sm_fixture_id (evaluación depende de SM/merge),,
shadow-dsr-native-full-20260428-214014,565,19433611,,,,pending_result,dsr_parse_status=ok,toa_payload_only_v1,,,,200,FT,2,2,True,,2,2,sportmonks_fixture_api_v1,falta de enlace limpio,sin bt2_event_id; solo sm_fixture_id (evaluación depende de SM/merge),,
shadow-dsr-native-full-20260428-214014,566,19433617,,,,pending_result,dsr_parse_status=ok,toa_payload_only_v1,,,,200,FT,2,1,True,,2,1,sportmonks_fixture_api_v1,falta de enlace limpio,sin bt2_event_id; solo sm_fixture_id (evaluación depende de SM/merge),,
shadow-dsr-native-full-20260428-214014,567,19433612,,,,pending_result,dsr_parse_status=ok,toa_payload_only_v1,,,,200,FT,1,4,True,,1,4,sportmonks_fixture_api_v1,falta de enlace limpio,sin bt2_event_id; solo sm_fixture_id (evaluación depende de SM/merge),,
shadow-dsr-native-full-20260428-214014,568,19439436,,,,pending_result,dsr_parse_status=ok,toa_payload_only_v1,,,,200,FT,1,1,True,,1,1,sportmonks_fixture_api_v1,falta de enlace limpio,sin bt2_event_id; solo sm_fixture_id (evaluación depende de SM/merge),,
shadow-dsr-native-full-20260428-214014,569,19433613,,,,pending_result,dsr_parse_status=ok,toa_payload_only_v1,,,,200,FT,4,0,True,,4,0,sportmonks_fixture_api_v1,falta de enlace limpio,sin bt2_event_id; solo sm_fixture_id (evaluación depende de SM/merge),,
shadow-dsr-native-full-20260428-214014,570,19433626,,,,pending_result,dsr_parse_status=ok,toa_payload_only_v1,,,,200,FT,3,2,True,,3,2,sportmonks_fixture_api_v1,falta de enlace limpio,sin bt2_event_id; solo sm_fixture_id (evaluación depende de SM/merge),,
shadow-dsr-native-full-20260428-214014,571,19433620,,,,pending_result,dsr_parse_status=ok,toa_payload_only_v1,,,,200,FT,2,1,True,,2,1,sportmonks_fixture_api_v1,falta de enlace limpio,sin bt2_event_id; solo sm_fixture_id (evaluación depende de SM/merge),,
shadow-dsr-native-full-20260428-214014,572,19433621,,,,pending_result,dsr_parse_status=ok,toa_payload_only_v1,,,,200,FT,3,0,True,,3,0,sportmonks_fixture_api_v1,falta de enlace limpio,sin bt2_event_id; solo sm_fixture_id (evaluación depende de SM/merge),,
shadow-dsr-native-full-20260428-214014,573,19433627,,,,pending_result,dsr_parse_status=ok,toa_payload_only_v1,,,,200,FT,2,1,True,,2,1,sportmonks_fixture_api_v1,falta de enlace limpio,sin bt2_event_id; solo sm_fixture_id (evaluación depende de SM/merge),,
shadow-dsr-native-full-20260428-214014,574,19433887,,,,pending_result,dsr_parse_status=ok,toa_payload_only_v1,,,,200,FT,1,3,True,,1,3,sportmonks_fixture_api_v1,falta de enlace limpio,sin bt2_event_id; solo sm_fixture_id (evaluación depende de SM/merge),,
shadow-dsr-native-full-20260428-214014,575,19433890,,,,pending_result,dsr_parse_status=ok,toa_payload_only_v1,,,,200,FT,3,0,True,,3,0,sportmonks_fixture_api_v1,falta de enlace limpio,sin bt2_event_id; solo sm_fixture_id (evaluación depende de SM/merge),,
shadow-dsr-native-full-20260428-214014,576,19433891,,,,pending_result,dsr_parse_status=ok,toa_payload_only_v1,,,,200,FT,1,0,True,,1,0,sportmonks_fixture_api_v1,falta de enlace limpio,sin bt2_event_id; solo sm_fixture_id (evaluación depende de SM/merge),,
shadow-dsr-native-full-20260428-214014,577,19427686,,,,pending_result,dsr_parse_status=ok,toa_payload_only_v1,,,,200,FT,0,1,True,,0,1,sportmonks_fixture_api_v1,falta de enlace limpio,sin bt2_event_id; solo sm_fixture_id (evaluación depende de SM/merge),,
shadow-dsr-native-full-20260428-214014,578,19427691,,,,pending_result,dsr_parse_status=ok,toa_payload_only_v1,,,,200,FT,3,2,True,,3,2,sportmonks_fixture_api_v1,falta de enlace limpio,sin bt2_event_id; solo sm_fixture_id (evaluación depende de SM/merge),,
shadow-dsr-native-full-20260428-214014,579,19427692,,,,pending_result,dsr_parse_status=ok,toa_payload_only_v1,,,,200,FT,1,1,True,,1,1,sportmonks_fixture_api_v1,falta de enlace limpio,sin bt2_event_id; solo sm_fixture_id (evaluación depende de SM/merge),,
shadow-dsr-native-full-20260428-214014,580,19427694,,,,pending_result,dsr_parse_status=ok,toa_payload_only_v1,,,,200,FT,2,2,True,,2,2,sportmonks_fixture_api_v1,falta de enlace limpio,sin bt2_event_id; solo sm_fixture_id (evaluación depende de SM/merge),,
shadow-dsr-native-full-20260428-214014,581,19433654,,,,pending_result,dsr_parse_status=ok,toa_payload_only_v1,,,,200,FT,1,0,True,,1,0,sportmonks_fixture_api_v1,falta de enlace limpio,sin bt2_event_id; solo sm_fixture_id (evaluación depende de SM/merge),,
shadow-dsr-native-full-20260428-214014,582,19433907,,,,pending_result,dsr_parse_status=ok,toa_payload_only_v1,,,,200,FT,2,2,True,,2,2,sportmonks_fixture_api_v1,falta de enlace limpio,sin bt2_event_id; solo sm_fixture_id (evaluación depende de SM/merge),,
shadow-dsr-native-full-20260428-214014,583,19433912,,,,pending_result,dsr_parse_status=ok,toa_payload_only_v1,,,,200,FT,0,0,True,,0,0,sportmonks_fixture_api_v1,falta de enlace limpio,sin bt2_event_id; solo sm_fixture_id (evaluación depende de SM/merge),,
shadow-dsr-native-full-20260428-214014,584,19467805,,,,pending_result,dsr_parse_status=ok,toa_payload_only_v1,,,,200,FT,1,0,True,,1,0,sportmonks_fixture_api_v1,falta de enlace limpio,sin bt2_event_id; solo sm_fixture_id (evaluación depende de SM/merge),,
shadow-dsr-native-full-20260428-214014,585,19433911,,,,pending_result,dsr_parse_status=ok,toa_payload_only_v1,,,,200,FT,1,2,True,,1,2,sportmonks_fixture_api_v1,falta de enlace limpio,sin bt2_event_id; solo sm_fixture_id (evaluación depende de SM/merge),,
shadow-dsr-native-full-20260428-214014,586,19425109,,,,pending_result,dsr_parse_status=ok,toa_payload_only_v1,,,,200,FT,1,0,True,,1,0,sportmonks_fixture_api_v1,falta de enlace limpio,sin bt2_event_id; solo sm_fixture_id (evaluación depende de SM/merge),,
shadow-dsr-native-full-20260428-214014,587,19425103,,,,pending_result,dsr_parse_status=ok,toa_payload_only_v1,,,,200,FT,0,0,True,,0,0,sportmonks_fixture_api_v1,falta de enlace limpio,sin bt2_event_id; solo sm_fixture_id (evaluación depende de SM/merge),,
shadow-dsr-native-full-20260428-214014,588,19425104,,,,pending_result,dsr_parse_status=ok,toa_payload_only_v1,,,,200,FT,0,2,True,,0,2,sportmonks_fixture_api_v1,falta de enlace limpio,sin bt2_event_id; solo sm_fixture_id (evaluación depende de SM/merge),,
shadow-dsr-native-full-20260428-214014,589,19425107,,,,pending_result,dsr_parse_status=ok,toa_payload_only_v1,,,,200,FT,1,4,True,,1,4,sportmonks_fixture_api_v1,falta de enlace limpio,sin bt2_event_id; solo sm_fixture_id (evaluación depende de SM/merge),,
shadow-dsr-native-full-20260428-214014,590,19439467,,,,pending_result,dsr_parse_status=ok,toa_payload_only_v1,,,,200,FT,2,1,True,,2,1,sportmonks_fixture_api_v1,falta de enlace limpio,sin bt2_event_id; solo sm_fixture_id (evaluación depende de SM/merge),,
shadow-dsr-native-full-20260428-214014,591,19439463,,,,pending_result,dsr_parse_status=ok,toa_payload_only_v1,,,,200,FT,0,0,True,,0,0,sportmonks_fixture_api_v1,falta de enlace limpio,sin bt2_event_id; solo sm_fixture_id (evaluación depende de SM/merge),,
shadow-dsr-native-full-20260428-214014,592,19439460,,,,pending_result,dsr_parse_status=ok,toa_payload_only_v1,,,,200,FT,1,1,True,,1,1,sportmonks_fixture_api_v1,falta de enlace limpio,sin bt2_event_id; solo sm_fixture_id (evaluación depende de SM/merge),,
shadow-dsr-native-full-20260428-214014,593,19427693,,,,pending_result,dsr_parse_status=ok,toa_payload_only_v1,,,,200,FT,3,0,True,,3,0,sportmonks_fixture_api_v1,falta de enlace limpio,sin bt2_event_id; solo sm_fixture_id (evaluación depende de SM/merge),,
shadow-dsr-native-full-20260428-214014,594,19425110,,,,pending_result,dsr_parse_status=ok,toa_payload_only_v1,,,,200,FT,1,0,True,,1,0,sportmonks_fixture_api_v1,falta de enlace limpio,sin bt2_event_id; solo sm_fixture_id (evaluación depende de SM/merge),,
shadow-dsr-native-full-20260428-214014,595,19439465,,,,pending_result,dsr_parse_status=ok,toa_payload_only_v1,,,,200,FT,4,1,True,,4,1,sportmonks_fixture_api_v1,falta de enlace limpio,sin bt2_event_id; solo sm_fixture_id (evaluación depende de SM/merge),,
shadow-dsr-native-full-20260428-214014,596,19425101,,,,pending_result,dsr_parse_status=ok,toa_payload_only_v1,,,,200,FT,0,3,True,,0,3,sportmonks_fixture_api_v1,falta de enlace limpio,sin bt2_event_id; solo sm_fixture_id (evaluación depende de SM/merge),,
shadow-dsr-native-full-20260428-214014,597,19427701,,,,pending_result,dsr_parse_status=ok,toa_payload_only_v1,,,,200,FT,3,1,True,,3,1,sportmonks_fixture_api_v1,falta de enlace limpio,sin bt2_event_id; solo sm_fixture_id (evaluación depende de SM/merge),,
shadow-dsr-native-full-20260428-214014,598,19433657,,,,pending_result,dsr_parse_status=ok,toa_payload_only_v1,,,,200,FT,1,1,True,,1,1,sportmonks_fixture_api_v1,falta de enlace limpio,sin bt2_event_id; solo sm_fixture_id (evaluación depende de SM/merge),,
shadow-dsr-native-full-20260428-214014,599,19433916,,,,pending_result,dsr_parse_status=ok,toa_payload_only_v1,,,,200,FT,0,0,True,,0,0,sportmonks_fixture_api_v1,falta de enlace limpio,sin bt2_event_id; solo sm_fixture_id (evaluación depende de SM/merge),,
shadow-dsr-native-full-20260428-214014,600,19425115,,,,pending_result,dsr_parse_status=ok,toa_payload_only_v1,,,,200,FT,0,0,True,,0,0,sportmonks_fixture_api_v1,falta de enlace limpio,sin bt2_event_id; solo sm_fixture_id (evaluación depende de SM/merge),,
shadow-dsr-native-full-20260428-214014,601,19439473,,,,pending_result,dsr_parse_status=ok,toa_payload_only_v1,,,,200,FT,1,2,True,,1,2,sportmonks_fixture_api_v1,falta de enlace limpio,sin bt2_event_id; solo sm_fixture_id (evaluación depende de SM/merge),,
shadow-dsr-native-full-20260428-214014,602,19427703,,,,pending_result,dsr_parse_status=ok,toa_payload_only_v1,,,,200,FT,2,0,True,,2,0,sportmonks_fixture_api_v1,falta de enlace limpio,sin bt2_event_id; solo sm_fixture_id (evaluación depende de SM/merge),,
shadow-dsr-native-full-20260428-214014,603,19427696,,,,pending_result,dsr_parse_status=ok,toa_payload_only_v1,,,,200,FT,3,0,True,,3,0,sportmonks_fixture_api_v1,falta de enlace limpio,sin bt2_event_id; solo sm_fixture_id (evaluación depende de SM/merge),,
shadow-dsr-native-full-20260428-214014,604,19427697,,,,pending_result,dsr_parse_status=ok,toa_payload_only_v1,,,,200,FT,1,1,True,,1,1,sportmonks_fixture_api_v1,falta de enlace limpio,sin bt2_event_id; solo sm_fixture_id (evaluación depende de SM/merge),,
shadow-dsr-native-full-20260428-214014,605,19427699,,,,pending_result,dsr_parse_status=ok,toa_payload_only_v1,,,,200,FT,0,2,True,,0,2,sportmonks_fixture_api_v1,falta de enlace limpio,sin bt2_event_id; solo sm_fixture_id (evaluación depende de SM/merge),,
shadow-dsr-native-full-20260428-214014,606,19427700,,,,pending_result,dsr_parse_status=ok,toa_payload_only_v1,,,,200,FT,1,2,True,,1,2,sportmonks_fixture_api_v1,falta de enlace limpio,sin bt2_event_id; solo sm_fixture_id (evaluación depende de SM/merge),,
shadow-dsr-native-full-20260428-214014,607,19427705,,,,pending_result,dsr_parse_status=ok,toa_payload_only_v1,,,,200,FT,1,3,True,,1,3,sportmonks_fixture_api_v1,falta de enlace limpio,sin bt2_event_id; solo sm_fixture_id (evaluación depende de SM/merge),,
shadow-dsr-native-full-20260428-214014,608,19433655,,,,pending_result,dsr_parse_status=ok,toa_payload_only_v1,,,,200,FT,0,2,True,,0,2,sportmonks_fixture_api_v1,falta de enlace limpio,sin bt2_event_id; solo sm_fixture_id (evaluación depende de SM/merge),,
shadow-dsr-native-full-20260428-214014,609,19433658,,,,pending_result,dsr_parse_status=ok,toa_payload_only_v1,,,,200,FT,2,0,True,,2,0,sportmonks_fixture_api_v1,falta de enlace limpio,sin bt2_event_id; solo sm_fixture_id (evaluación depende de SM/merge),,
shadow-dsr-native-full-20260428-214014,610,19433661,,,,pending_result,dsr_parse_status=ok,toa_payload_only_v1,,,,200,FT,2,1,True,,2,1,sportmonks_fixture_api_v1,falta de enlace limpio,sin bt2_event_id; solo sm_fixture_id (evaluación depende de SM/merge),,
shadow-dsr-native-full-20260428-214014,611,19433662,,,,pending_result,dsr_parse_status=ok,toa_payload_only_v1,,,,200,FT,1,0,True,,1,0,sportmonks_fixture_api_v1,falta de enlace limpio,sin bt2_event_id; solo sm_fixture_id (evaluación depende de SM/merge),,
shadow-dsr-native-full-20260428-214014,612,19433663,,,,pending_result,dsr_parse_status=ok,toa_payload_only_v1,,,,200,FT,1,2,True,,1,2,sportmonks_fixture_api_v1,falta de enlace limpio,sin bt2_event_id; solo sm_fixture_id (evaluación depende de SM/merge),,
shadow-dsr-native-full-20260428-214014,613,19433659,,,,pending_result,dsr_parse_status=ok,toa_payload_only_v1,,,,200,FT,1,1,True,,1,1,sportmonks_fixture_api_v1,falta de enlace limpio,sin bt2_event_id; solo sm_fixture_id (evaluación depende de SM/merge),,
shadow-dsr-native-full-20260428-214014,614,19433920,,,,pending_result,dsr_parse_status=ok,toa_payload_only_v1,,,,200,FT,3,1,True,,3,1,sportmonks_fixture_api_v1,falta de enlace limpio,sin bt2_event_id; solo sm_fixture_id (evaluación depende de SM/merge),,
shadow-dsr-native-full-20260428-214014,615,19433921,,,,pending_result,dsr_parse_status=ok,toa_payload_only_v1,,,,200,FT,2,0,True,,2,0,sportmonks_fixture_api_v1,falta de enlace limpio,sin bt2_event_id; solo sm_fixture_id (evaluación depende de SM/merge),,
shadow-dsr-native-full-20260428-214014,616,19425114,,,,pending_result,dsr_parse_status=ok,toa_payload_only_v1,,,,200,FT,2,3,True,,2,3,sportmonks_fixture_api_v1,falta de enlace limpio,sin bt2_event_id; solo sm_fixture_id (evaluación depende de SM/merge),,
shadow-dsr-native-full-20260428-214014,617,19425113,,,,pending_result,dsr_parse_status=ok,toa_payload_only_v1,,,,200,FT,2,2,True,,2,2,sportmonks_fixture_api_v1,falta de enlace limpio,sin bt2_event_id; solo sm_fixture_id (evaluación depende de SM/merge),,
shadow-dsr-native-full-20260428-214014,618,19439476,,,,pending_result,dsr_parse_status=ok,toa_payload_only_v1,,,,200,FT,3,1,True,,3,1,sportmonks_fixture_api_v1,falta de enlace limpio,sin bt2_event_id; solo sm_fixture_id (evaluación depende de SM/merge),,
shadow-dsr-native-full-20260428-214014,619,19433656,,,,pending_result,dsr_parse_status=ok,toa_payload_only_v1,,,,200,FT,1,2,True,,1,2,sportmonks_fixture_api_v1,falta de enlace limpio,sin bt2_event_id; solo sm_fixture_id (evaluación depende de SM/merge),,
shadow-dsr-native-full-20260428-214014,620,19433660,,,,pending_result,dsr_parse_status=ok,toa_payload_only_v1,,,,200,FT,5,1,True,,5,1,sportmonks_fixture_api_v1,falta de enlace limpio,sin bt2_event_id; solo sm_fixture_id (evaluación depende de SM/merge),,
shadow-dsr-native-full-20260428-214014,621,19433918,,,,pending_result,dsr_parse_status=ok,toa_payload_only_v1,,,,200,FT,0,0,True,,0,0,sportmonks_fixture_api_v1,falta de enlace limpio,sin bt2_event_id; solo sm_fixture_id (evaluación depende de SM/merge),,
shadow-dsr-native-full-20260428-214014,622,19467815,,,,pending_result,dsr_parse_status=ok,toa_payload_only_v1,,,,200,FT,1,0,True,,1,0,sportmonks_fixture_api_v1,falta de enlace limpio,sin bt2_event_id; solo sm_fixture_id (evaluación depende de SM/merge),,
shadow-dsr-native-full-20260428-214014,623,19467817,,,,pending_result,dsr_parse_status=ok,toa_payload_only_v1,,,,200,FT,2,1,True,,2,1,sportmonks_fixture_api_v1,falta de enlace limpio,sin bt2_event_id; solo sm_fixture_id (evaluación depende de SM/merge),,
shadow-dsr-native-full-20260428-214014,624,19425112,,,,pending_result,dsr_parse_status=ok,toa_payload_only_v1,,,,200,FT,0,1,True,,0,1,sportmonks_fixture_api_v1,falta de enlace limpio,sin bt2_event_id; solo sm_fixture_id (evaluación depende de SM/merge),,
shadow-dsr-native-full-20260428-214014,625,19425117,,,,pending_result,dsr_parse_status=ok,toa_payload_only_v1,,,,200,FT,2,1,True,,2,1,sportmonks_fixture_api_v1,falta de enlace limpio,sin bt2_event_id; solo sm_fixture_id (evaluación depende de SM/merge),,
shadow-dsr-native-full-20260428-214014,626,19425120,,,,pending_result,dsr_parse_status=ok,toa_payload_only_v1,,,,200,FT,0,5,True,,0,5,sportmonks_fixture_api_v1,falta de enlace limpio,sin bt2_event_id; solo sm_fixture_id (evaluación depende de SM/merge),,
shadow-dsr-native-full-20260428-214014,627,19439474,,,,pending_result,dsr_parse_status=ok,toa_payload_only_v1,,,,200,FT,0,2,True,,0,2,sportmonks_fixture_api_v1,falta de enlace limpio,sin bt2_event_id; solo sm_fixture_id (evaluación depende de SM/merge),,
shadow-dsr-native-full-20260428-214014,628,19439470,,,,pending_result,dsr_parse_status=ok,toa_payload_only_v1,,,,200,FT,4,2,True,,4,2,sportmonks_fixture_api_v1,falta de enlace limpio,sin bt2_event_id; solo sm_fixture_id (evaluación depende de SM/merge),,
shadow-dsr-native-full-20260428-214014,629,19439477,,,,pending_result,dsr_parse_status=ok,toa_payload_only_v1,,,,200,FT,1,1,True,,1,1,sportmonks_fixture_api_v1,falta de enlace limpio,sin bt2_event_id; solo sm_fixture_id (evaluación depende de SM/merge),,
shadow-dsr-native-full-20260428-214014,630,19439471,,,,pending_result,dsr_parse_status=ok,toa_payload_only_v1,,,,200,FT,0,1,True,,0,1,sportmonks_fixture_api_v1,falta de enlace limpio,sin bt2_event_id; solo sm_fixture_id (evaluación depende de SM/merge),,
shadow-dsr-native-full-20260428-214014,631,19433665,,,,pending_result,dsr_parse_status=ok,toa_payload_only_v1,,,,200,FT,4,0,True,,4,0,sportmonks_fixture_api_v1,falta de enlace limpio,sin bt2_event_id; solo sm_fixture_id (evaluación depende de SM/merge),,
shadow-dsr-native-full-20260428-214014,632,19427157,,,,pending_result,dsr_parse_status=ok,toa_payload_only_v1,,,,200,FT,2,1,True,,2,1,sportmonks_fixture_api_v1,falta de enlace limpio,sin bt2_event_id; solo sm_fixture_id (evaluación depende de SM/merge),,
shadow-dsr-native-full-20260428-214014,633,19427159,,,,pending_result,dsr_parse_status=ok,toa_payload_only_v1,,,,200,FT,2,1,True,,2,1,sportmonks_fixture_api_v1,falta de enlace limpio,sin bt2_event_id; solo sm_fixture_id (evaluación depende de SM/merge),,
shadow-dsr-native-full-20260428-214014,634,19427162,,,,pending_result,dsr_parse_status=ok,toa_payload_only_v1,,,,200,FT,2,1,True,,2,1,sportmonks_fixture_api_v1,falta de enlace limpio,sin bt2_event_id; solo sm_fixture_id (evaluación depende de SM/merge),,
shadow-dsr-native-full-20260428-214014,635,19427155,,,,pending_result,dsr_parse_status=ok,toa_payload_only_v1,,,,200,FT,2,1,True,,2,1,sportmonks_fixture_api_v1,falta de enlace limpio,sin bt2_event_id; solo sm_fixture_id (evaluación depende de SM/merge),,
shadow-dsr-native-full-20260428-214014,636,19433690,,,,pending_result,dsr_parse_status=ok,toa_payload_only_v1,,,,200,FT,4,0,True,,4,0,sportmonks_fixture_api_v1,falta de enlace limpio,sin bt2_event_id; solo sm_fixture_id (evaluación depende de SM/merge),,
shadow-dsr-native-full-20260428-214014,637,19433685,,,,pending_result,dsr_parse_status=ok,toa_payload_only_v1,,,,200,FT,2,0,True,,2,0,sportmonks_fixture_api_v1,falta de enlace limpio,sin bt2_event_id; solo sm_fixture_id (evaluación depende de SM/merge),,
shadow-dsr-native-full-20260428-214014,638,19433687,,,,pending_result,dsr_parse_status=ok,toa_payload_only_v1,,,,200,FT,1,2,True,,1,2,sportmonks_fixture_api_v1,falta de enlace limpio,sin bt2_event_id; solo sm_fixture_id (evaluación depende de SM/merge),,
shadow-dsr-native-full-20260428-214014,639,19467843,,,,pending_result,dsr_parse_status=ok,toa_payload_only_v1,,,,200,FT,1,0,True,,1,0,sportmonks_fixture_api_v1,falta de enlace limpio,sin bt2_event_id; solo sm_fixture_id (evaluación depende de SM/merge),,
shadow-dsr-native-full-20260428-214014,640,19467847,,,,pending_result,dsr_parse_status=ok,toa_payload_only_v1,,,,200,FT,1,0,True,,1,0,sportmonks_fixture_api_v1,falta de enlace limpio,sin bt2_event_id; solo sm_fixture_id (evaluación depende de SM/merge),,
shadow-dsr-native-full-20260428-214014,641,19467848,,,,pending_result,dsr_parse_status=ok,toa_payload_only_v1,,,,200,FT,2,2,True,,2,2,sportmonks_fixture_api_v1,falta de enlace limpio,sin bt2_event_id; solo sm_fixture_id (evaluación depende de SM/merge),,
shadow-dsr-native-full-20260428-214014,642,19467849,,,,pending_result,dsr_parse_status=ok,toa_payload_only_v1,,,,200,FT,0,1,True,,0,1,sportmonks_fixture_api_v1,falta de enlace limpio,sin bt2_event_id; solo sm_fixture_id (evaluación depende de SM/merge),,
shadow-dsr-native-full-20260428-214014,643,19425142,,,,pending_result,dsr_parse_status=ok,toa_payload_only_v1,,,,200,FT,0,2,True,,0,2,sportmonks_fixture_api_v1,falta de enlace limpio,sin bt2_event_id; solo sm_fixture_id (evaluación depende de SM/merge),,
shadow-dsr-native-full-20260428-214014,644,19425148,,,,pending_result,dsr_parse_status=ok,toa_payload_only_v1,,,,200,FT,2,1,True,,2,1,sportmonks_fixture_api_v1,falta de enlace limpio,sin bt2_event_id; solo sm_fixture_id (evaluación depende de SM/merge),,
shadow-dsr-native-full-20260428-214014,645,19425149,,,,pending_result,dsr_parse_status=ok,toa_payload_only_v1,,,,200,FT,2,0,True,,2,0,sportmonks_fixture_api_v1,falta de enlace limpio,sin bt2_event_id; solo sm_fixture_id (evaluación depende de SM/merge),,
shadow-dsr-native-full-20260428-214014,646,19425147,,,,pending_result,dsr_parse_status=ok,toa_payload_only_v1,,,,200,FT,3,3,True,,3,3,sportmonks_fixture_api_v1,falta de enlace limpio,sin bt2_event_id; solo sm_fixture_id (evaluación depende de SM/merge),,
shadow-dsr-native-full-20260428-214014,647,19439501,,,,pending_result,dsr_parse_status=ok,toa_payload_only_v1,,,,200,FT,2,2,True,,2,2,sportmonks_fixture_api_v1,falta de enlace limpio,sin bt2_event_id; solo sm_fixture_id (evaluación depende de SM/merge),,
shadow-dsr-native-full-20260428-214014,648,19439509,,,,pending_result,dsr_parse_status=ok,toa_payload_only_v1,,,,200,FT,1,0,True,,1,0,sportmonks_fixture_api_v1,falta de enlace limpio,sin bt2_event_id; solo sm_fixture_id (evaluación depende de SM/merge),,
shadow-dsr-native-full-20260428-214014,649,19439506,,,,pending_result,dsr_parse_status=ok,toa_payload_only_v1,,,,200,FT,2,2,True,,2,2,sportmonks_fixture_api_v1,falta de enlace limpio,sin bt2_event_id; solo sm_fixture_id (evaluación depende de SM/merge),,
shadow-dsr-native-full-20260428-214014,650,19439502,,,,pending_result,dsr_parse_status=ok,toa_payload_only_v1,,,,200,FT,1,2,True,,1,2,sportmonks_fixture_api_v1,falta de enlace limpio,sin bt2_event_id; solo sm_fixture_id (evaluación depende de SM/merge),,
shadow-dsr-native-full-20260428-214014,651,19425146,,,,pending_result,dsr_parse_status=ok,toa_payload_only_v1,,,,200,FT,0,1,True,,0,1,sportmonks_fixture_api_v1,falta de enlace limpio,sin bt2_event_id; solo sm_fixture_id (evaluación depende de SM/merge),,
shadow-dsr-native-full-20260428-214014,652,19425150,,,,pending_result,dsr_parse_status=ok,toa_payload_only_v1,,,,200,FT,3,0,True,,3,0,sportmonks_fixture_api_v1,falta de enlace limpio,sin bt2_event_id; solo sm_fixture_id (evaluación depende de SM/merge),,
shadow-dsr-native-full-20260428-214014,653,19439507,,,,pending_result,dsr_parse_status=ok,toa_payload_only_v1,,,,200,FT,0,1,True,,0,1,sportmonks_fixture_api_v1,falta de enlace limpio,sin bt2_event_id; solo sm_fixture_id (evaluación depende de SM/merge),,
shadow-dsr-native-full-20260428-214014,654,19427166,,,,pending_result,dsr_parse_status=ok,toa_payload_only_v1,,,,200,FT,0,0,True,,0,0,sportmonks_fixture_api_v1,falta de enlace limpio,sin bt2_event_id; solo sm_fixture_id (evaluación depende de SM/merge),,
shadow-dsr-native-full-20260428-214014,655,19427168,,,,pending_result,dsr_parse_status=ok,toa_payload_only_v1,,,,200,FT,2,0,True,,2,0,sportmonks_fixture_api_v1,falta de enlace limpio,sin bt2_event_id; solo sm_fixture_id (evaluación depende de SM/merge),,
shadow-dsr-native-full-20260428-214014,656,19427170,,,,pending_result,dsr_parse_status=ok,toa_payload_only_v1,,,,200,FT,0,1,True,,0,1,sportmonks_fixture_api_v1,falta de enlace limpio,sin bt2_event_id; solo sm_fixture_id (evaluación depende de SM/merge),,
shadow-dsr-native-full-20260428-214014,657,19427174,,,,pending_result,dsr_parse_status=ok,toa_payload_only_v1,,,,200,FT,2,1,True,,2,1,sportmonks_fixture_api_v1,falta de enlace limpio,sin bt2_event_id; solo sm_fixture_id (evaluación depende de SM/merge),,
shadow-dsr-native-full-20260428-214014,658,19427165,,,,pending_result,dsr_parse_status=ok,toa_payload_only_v1,,,,200,FT,1,4,True,,1,4,sportmonks_fixture_api_v1,falta de enlace limpio,sin bt2_event_id; solo sm_fixture_id (evaluación depende de SM/merge),,
shadow-dsr-native-full-20260428-214014,659,19427167,,,,pending_result,dsr_parse_status=ok,toa_payload_only_v1,,,,200,FT,0,1,True,,0,1,sportmonks_fixture_api_v1,falta de enlace limpio,sin bt2_event_id; solo sm_fixture_id (evaluación depende de SM/merge),,
shadow-dsr-native-full-20260428-214014,660,19427169,,,,pending_result,dsr_parse_status=ok,toa_payload_only_v1,,,,200,FT,0,1,True,,0,1,sportmonks_fixture_api_v1,falta de enlace limpio,sin bt2_event_id; solo sm_fixture_id (evaluación depende de SM/merge),,
shadow-dsr-native-full-20260428-214014,661,19427171,,,,pending_result,dsr_parse_status=ok,toa_payload_only_v1,,,,200,FT,2,2,True,,2,2,sportmonks_fixture_api_v1,falta de enlace limpio,sin bt2_event_id; solo sm_fixture_id (evaluación depende de SM/merge),,
shadow-dsr-native-full-20260428-214014,662,19433623,,,,pending_result,dsr_parse_status=ok,toa_payload_only_v1,,,,200,FT,0,1,True,,0,1,sportmonks_fixture_api_v1,falta de enlace limpio,sin bt2_event_id; solo sm_fixture_id (evaluación depende de SM/merge),,
shadow-dsr-native-full-20260428-214014,663,19439475,,,,pending_result,dsr_parse_status=ok,toa_payload_only_v1,,,,200,FT,3,0,True,,3,0,sportmonks_fixture_api_v1,falta de enlace limpio,sin bt2_event_id; solo sm_fixture_id (evaluación depende de SM/merge),,
shadow-dsr-native-full-20260428-214014,664,19467851,,,,pending_result,dsr_parse_status=ok,toa_payload_only_v1,,,,200,FT,1,3,True,,1,3,sportmonks_fixture_api_v1,falta de enlace limpio,sin bt2_event_id; solo sm_fixture_id (evaluación depende de SM/merge),,
shadow-dsr-native-full-20260428-214014,665,19425160,,,,pending_result,dsr_parse_status=ok,toa_payload_only_v1,,,,200,FT,2,1,True,,2,1,sportmonks_fixture_api_v1,falta de enlace limpio,sin bt2_event_id; solo sm_fixture_id (evaluación depende de SM/merge),,
shadow-dsr-native-full-20260428-214014,666,19439512,,,,pending_result,dsr_parse_status=ok,toa_payload_only_v1,,,,200,FT,1,2,True,,1,2,sportmonks_fixture_api_v1,falta de enlace limpio,sin bt2_event_id; solo sm_fixture_id (evaluación depende de SM/merge),,
shadow-dsr-native-full-20260428-214014,667,19433691,,,,pending_result,dsr_parse_status=ok,toa_payload_only_v1,,,,200,FT,2,4,True,,2,4,sportmonks_fixture_api_v1,falta de enlace limpio,sin bt2_event_id; solo sm_fixture_id (evaluación depende de SM/merge),,
shadow-dsr-native-full-20260428-214014,668,19433694,,,,pending_result,dsr_parse_status=ok,toa_payload_only_v1,,,,200,FT,2,2,True,,2,2,sportmonks_fixture_api_v1,falta de enlace limpio,sin bt2_event_id; solo sm_fixture_id (evaluación depende de SM/merge),,
shadow-dsr-native-full-20260428-214014,669,19433697,,,,pending_result,dsr_parse_status=ok,toa_payload_only_v1,,,,200,FT,2,1,True,,2,1,sportmonks_fixture_api_v1,falta de enlace limpio,sin bt2_event_id; solo sm_fixture_id (evaluación depende de SM/merge),,
shadow-dsr-native-full-20260428-214014,670,19433698,,,,pending_result,dsr_parse_status=ok,toa_payload_only_v1,,,,200,FT,3,3,True,,3,3,sportmonks_fixture_api_v1,falta de enlace limpio,sin bt2_event_id; solo sm_fixture_id (evaluación depende de SM/merge),,
shadow-dsr-native-full-20260428-214014,671,19433699,,,,pending_result,dsr_parse_status=ok,toa_payload_only_v1,,,,200,FT,1,2,True,,1,2,sportmonks_fixture_api_v1,falta de enlace limpio,sin bt2_event_id; solo sm_fixture_id (evaluación depende de SM/merge),,
shadow-dsr-native-full-20260428-214014,672,19433692,,,,pending_result,dsr_parse_status=ok,toa_payload_only_v1,,,,200,FT,1,2,True,,1,2,sportmonks_fixture_api_v1,falta de enlace limpio,sin bt2_event_id; solo sm_fixture_id (evaluación depende de SM/merge),,
shadow-dsr-native-full-20260428-214014,673,19467850,,,,pending_result,dsr_parse_status=ok,toa_payload_only_v1,,,,200,FT,0,1,True,,0,1,sportmonks_fixture_api_v1,falta de enlace limpio,sin bt2_event_id; solo sm_fixture_id (evaluación depende de SM/merge),,
shadow-dsr-native-full-20260428-214014,674,19467852,,,,pending_result,dsr_parse_status=ok,toa_payload_only_v1,,,,200,FT,0,0,True,,0,0,sportmonks_fixture_api_v1,falta de enlace limpio,sin bt2_event_id; solo sm_fixture_id (evaluación depende de SM/merge),,
shadow-dsr-native-full-20260428-214014,675,19467854,,,,pending_result,dsr_parse_status=ok,toa_payload_only_v1,,,,200,FT,0,1,True,,0,1,sportmonks_fixture_api_v1,falta de enlace limpio,sin bt2_event_id; solo sm_fixture_id (evaluación depende de SM/merge),,
shadow-dsr-native-full-20260428-214014,676,19425153,,,,pending_result,dsr_parse_status=ok,toa_payload_only_v1,,,,200,FT,1,2,True,,1,2,sportmonks_fixture_api_v1,falta de enlace limpio,sin bt2_event_id; solo sm_fixture_id (evaluación depende de SM/merge),,
shadow-dsr-native-full-20260428-214014,677,19425151,,,,pending_result,dsr_parse_status=ok,toa_payload_only_v1,,,,200,FT,2,2,True,,2,2,sportmonks_fixture_api_v1,falta de enlace limpio,sin bt2_event_id; solo sm_fixture_id (evaluación depende de SM/merge),,
shadow-dsr-native-full-20260428-214014,678,19439516,,,,pending_result,dsr_parse_status=ok,toa_payload_only_v1,,,,200,FT,2,2,True,,2,2,sportmonks_fixture_api_v1,falta de enlace limpio,sin bt2_event_id; solo sm_fixture_id (evaluación depende de SM/merge),,
shadow-dsr-native-full-20260428-214014,679,19439515,,,,pending_result,dsr_parse_status=ok,toa_payload_only_v1,,,,200,FT,1,1,True,,1,1,sportmonks_fixture_api_v1,falta de enlace limpio,sin bt2_event_id; solo sm_fixture_id (evaluación depende de SM/merge),,
shadow-dsr-native-full-20260428-214014,680,19439511,,,,pending_result,dsr_parse_status=ok,toa_payload_only_v1,,,,200,FT,3,2,True,,3,2,sportmonks_fixture_api_v1,falta de enlace limpio,sin bt2_event_id; solo sm_fixture_id (evaluación depende de SM/merge),,
shadow-dsr-native-full-20260428-214014,681,19439510,,,,pending_result,dsr_parse_status=ok,toa_payload_only_v1,,,,200,FT,0,1,True,,0,1,sportmonks_fixture_api_v1,falta de enlace limpio,sin bt2_event_id; solo sm_fixture_id (evaluación depende de SM/merge),,
shadow-dsr-native-full-20260428-214014,682,19433696,,,,pending_result,dsr_parse_status=ok,toa_payload_only_v1,,,,200,FT,0,0,True,,0,0,sportmonks_fixture_api_v1,falta de enlace limpio,sin bt2_event_id; solo sm_fixture_id (evaluación depende de SM/merge),,
shadow-dsr-native-full-20260428-214014,683,19467855,,,,pending_result,dsr_parse_status=ok,toa_payload_only_v1,,,,200,FT,1,1,True,,1,1,sportmonks_fixture_api_v1,falta de enlace limpio,sin bt2_event_id; solo sm_fixture_id (evaluación depende de SM/merge),,
shadow-dsr-native-full-20260428-214014,684,19467857,,,,pending_result,dsr_parse_status=ok,toa_payload_only_v1,,,,200,FT,0,4,True,,0,4,sportmonks_fixture_api_v1,falta de enlace limpio,sin bt2_event_id; solo sm_fixture_id (evaluación depende de SM/merge),,
shadow-dsr-native-full-20260428-214014,685,19425158,,,,pending_result,dsr_parse_status=ok,toa_payload_only_v1,,,,200,FT,2,1,True,,2,1,sportmonks_fixture_api_v1,falta de enlace limpio,sin bt2_event_id; solo sm_fixture_id (evaluación depende de SM/merge),,
shadow-dsr-native-full-20260428-214014,686,19425152,,,,pending_result,dsr_parse_status=ok,toa_payload_only_v1,,,,200,FT,1,2,True,,1,2,sportmonks_fixture_api_v1,falta de enlace limpio,sin bt2_event_id; solo sm_fixture_id (evaluación depende de SM/merge),,
shadow-dsr-native-full-20260428-214014,687,19439519,,,,pending_result,dsr_parse_status=ok,toa_payload_only_v1,,,,200,FT,2,1,True,,2,1,sportmonks_fixture_api_v1,falta de enlace limpio,sin bt2_event_id; solo sm_fixture_id (evaluación depende de SM/merge),,
shadow-dsr-native-full-20260428-214014,688,19427726,102344,2026-04-10T14:00:00-05:00,Premier League,pending_result,dsr_parse_status=ok,bt2_events_cdm_v1,scheduled,,,200,FT,4,0,True,,4,0,sportmonks_fixture_api_v1,sin marcador final en fuente local,CDM/bt2_events incompleto; SM sí tiene FT,,
shadow-dsr-native-full-20260428-214014,689,19467890,102337,2026-04-10T12:00:00-05:00,Ligue 1,pending_result,dsr_parse_status=ok,bt2_events_cdm_v1,scheduled,,,200,FT,4,1,True,,4,1,sportmonks_fixture_api_v1,sin marcador final en fuente local,CDM/bt2_events incompleto; SM sí tiene FT,,
shadow-dsr-native-full-20260428-214014,690,19425199,102353,2026-04-10T13:45:00-05:00,Serie A,pending_result,dsr_parse_status=ok,bt2_events_cdm_v1,scheduled,,,200,FT,3,0,True,,3,0,sportmonks_fixture_api_v1,sin marcador final en fuente local,CDM/bt2_events incompleto; SM sí tiene FT,,
shadow-dsr-native-full-20260428-214014,691,19439557,102328,2026-04-10T14:00:00-05:00,La Liga,pending_result,dsr_parse_status=ok,bt2_events_cdm_v1,scheduled,,,200,FT,1,1,True,,1,1,sportmonks_fixture_api_v1,sin marcador final en fuente local,CDM/bt2_events incompleto; SM sí tiene FT,,
shadow-dsr-native-full-20260428-214014,692,19427721,102345,2026-04-11T06:30:00-05:00,Premier League,pending_result,dsr_parse_status=ok,bt2_events_cdm_v1,scheduled,,,200,FT,1,2,True,,1,2,sportmonks_fixture_api_v1,sin marcador final en fuente local,CDM/bt2_events incompleto; SM sí tiene FT,,
shadow-dsr-native-full-20260428-214014,693,19427194,102346,2026-04-11T09:00:00-05:00,Premier League,pending_result,dsr_parse_status=ok,bt2_events_cdm_v1,scheduled,,,200,FT,0,2,True,,0,2,sportmonks_fixture_api_v1,sin marcador final en fuente local,CDM/bt2_events incompleto; SM sí tiene FT,,
shadow-dsr-native-full-20260428-214014,694,19427722,102347,2026-04-11T09:00:00-05:00,Premier League,pending_result,dsr_parse_status=ok,bt2_events_cdm_v1,scheduled,,,200,FT,2,2,True,,2,2,sportmonks_fixture_api_v1,sin marcador final en fuente local,CDM/bt2_events incompleto; SM sí tiene FT,,
shadow-dsr-native-full-20260428-214014,695,19427197,102348,2026-04-11T11:30:00-05:00,Premier League,pending_result,dsr_parse_status=ok,bt2_events_cdm_v1,scheduled,,,200,FT,2,0,True,,2,0,sportmonks_fixture_api_v1,sin marcador final en fuente local,CDM/bt2_events incompleto; SM sí tiene FT,,
shadow-dsr-native-full-20260428-214014,696,19467891,102339,2026-04-11T12:00:00-05:00,Ligue 1,pending_result,dsr_parse_status=ok,bt2_events_cdm_v1,scheduled,,,200,FT,0,0,True,,0,0,sportmonks_fixture_api_v1,sin marcador final en fuente local,CDM/bt2_events incompleto; SM sí tiene FT,,
shadow-dsr-native-full-20260428-214014,697,19467893,102340,2026-04-11T14:05:00-05:00,Ligue 1,pending_result,dsr_parse_status=ok,bt2_events_cdm_v1,scheduled,,,200,FT,2,1,True,,2,1,sportmonks_fixture_api_v1,sin marcador final en fuente local,CDM/bt2_events incompleto; SM sí tiene FT,,
shadow-dsr-native-full-20260428-214014,698,19425193,102354,2026-04-11T08:00:00-05:00,Serie A,pending_result,dsr_parse_status=ok,bt2_events_cdm_v1,scheduled,,,200,FT,1,0,True,,1,0,sportmonks_fixture_api_v1,sin marcador final en fuente local,CDM/bt2_events incompleto; SM sí tiene FT,,
shadow-dsr-native-full-20260428-214014,699,19425200,102355,2026-04-11T08:00:00-05:00,Serie A,pending_result,dsr_parse_status=ok,bt2_events_cdm_v1,scheduled,,,200,FT,2,1,True,,2,1,sportmonks_fixture_api_v1,sin marcador final en fuente local,CDM/bt2_events incompleto; SM sí tiene FT,,
shadow-dsr-native-full-20260428-214014,700,19425197,102356,2026-04-11T11:00:00-05:00,Serie A,pending_result,dsr_parse_status=ok,bt2_events_cdm_v1,scheduled,,,200,FT,0,3,True,,0,3,sportmonks_fixture_api_v1,sin marcador final en fuente local,CDM/bt2_events incompleto; SM sí tiene FT,,
shadow-dsr-native-full-20260428-214014,701,19425191,102357,2026-04-11T13:45:00-05:00,Serie A,pending_result,dsr_parse_status=ok,bt2_events_cdm_v1,scheduled,,,200,FT,0,1,True,,0,1,sportmonks_fixture_api_v1,sin marcador final en fuente local,CDM/bt2_events incompleto; SM sí tiene FT,,
shadow-dsr-native-full-20260428-214014,702,19439558,102329,2026-04-11T07:00:00-05:00,La Liga,pending_result,dsr_parse_status=ok,bt2_events_cdm_v1,scheduled,,,200,FT,3,3,True,,3,3,sportmonks_fixture_api_v1,sin marcador final en fuente local,CDM/bt2_events incompleto; SM sí tiene FT,,
shadow-dsr-native-full-20260428-214014,703,19439553,102330,2026-04-11T09:15:00-05:00,La Liga,pending_result,dsr_parse_status=ok,bt2_events_cdm_v1,scheduled,,,200,FT,1,0,True,,1,0,sportmonks_fixture_api_v1,sin marcador final en fuente local,CDM/bt2_events incompleto; SM sí tiene FT,,
shadow-dsr-native-full-20260428-214014,704,19439551,102331,2026-04-11T11:30:00-05:00,La Liga,pending_result,dsr_parse_status=ok,bt2_events_cdm_v1,scheduled,,,200,FT,4,1,True,,4,1,sportmonks_fixture_api_v1,sin marcador final en fuente local,CDM/bt2_events incompleto; SM sí tiene FT,,
shadow-dsr-native-full-20260428-214014,705,19439559,102332,2026-04-11T14:00:00-05:00,La Liga,pending_result,dsr_parse_status=ok,bt2_events_cdm_v1,scheduled,,,200,FT,2,1,True,,2,1,sportmonks_fixture_api_v1,sin marcador final en fuente local,CDM/bt2_events incompleto; SM sí tiene FT,,
shadow-dsr-native-full-20260428-214014,723,19467900,102609,2026-04-17T13:45:00-05:00,Ligue 1,pending_result,dsr_parse_status=ok,bt2_events_cdm_v1,scheduled,,,200,FT,3,2,True,,3,2,sportmonks_fixture_api_v1,sin marcador final en fuente local,CDM/bt2_events incompleto; SM sí tiene FT,,
shadow-dsr-native-full-20260428-214014,724,19425209,102632,2026-04-17T11:30:00-05:00,Serie A,pending_result,dsr_parse_status=ok,bt2_events_cdm_v1,scheduled,,,200,FT,2,1,True,,2,1,sportmonks_fixture_api_v1,sin marcador final en fuente local,CDM/bt2_events incompleto; SM sí tiene FT,,
shadow-dsr-native-full-20260428-214014,733,19427198,102629,2026-04-21T14:00:00-05:00,Premier League,pending_result,dsr_parse_status=ok,bt2_events_cdm_v1,scheduled,,,200,FT,3,0,True,,3,0,sportmonks_fixture_api_v1,sin marcador final en fuente local,CDM/bt2_events incompleto; SM sí tiene FT,,
shadow-dsr-native-full-20260428-214014,734,19439570,102602,2026-04-21T12:00:00-05:00,La Liga,pending_result,dsr_parse_status=ok,bt2_events_cdm_v1,scheduled,,,200,FT,1,0,True,,1,0,sportmonks_fixture_api_v1,sin marcador final en fuente local,CDM/bt2_events incompleto; SM sí tiene FT,,
shadow-dsr-native-full-20260428-214014,735,19439575,102603,2026-04-21T12:00:00-05:00,La Liga,pending_result,dsr_parse_status=ok,bt2_events_cdm_v1,scheduled,,,200,FT,1,1,True,,1,1,sportmonks_fixture_api_v1,sin marcador final en fuente local,CDM/bt2_events incompleto; SM sí tiene FT,,
shadow-dsr-native-full-20260428-214014,736,19439573,102604,2026-04-21T14:30:00-05:00,La Liga,pending_result,dsr_parse_status=ok,bt2_events_cdm_v1,scheduled,,,200,FT,2,3,True,,2,3,sportmonks_fixture_api_v1,sin marcador final en fuente local,CDM/bt2_events incompleto; SM sí tiene FT,,
shadow-dsr-native-full-20260428-214014,737,19439570,102602,2026-04-21T12:00:00-05:00,La Liga,pending_result,dsr_parse_status=ok,bt2_events_cdm_v1,scheduled,,,200,FT,1,0,True,,1,0,sportmonks_fixture_api_v1,sin marcador final en fuente local,CDM/bt2_events incompleto; SM sí tiene FT,,
shadow-dsr-native-full-20260428-214014,738,19439575,102603,2026-04-21T12:00:00-05:00,La Liga,pending_result,dsr_parse_status=ok,bt2_events_cdm_v1,scheduled,,,200,FT,1,1,True,,1,1,sportmonks_fixture_api_v1,sin marcador final en fuente local,CDM/bt2_events incompleto; SM sí tiene FT,,
shadow-dsr-native-full-20260428-214014,739,19427739,102631,2026-04-22T14:00:00-05:00,Premier League,pending_result,dsr_parse_status=ok,bt2_events_cdm_v1,scheduled,,,200,FT,2,2,True,,2,2,sportmonks_fixture_api_v1,sin marcador final en fuente local,CDM/bt2_events incompleto; SM sí tiene FT,,
shadow-dsr-native-full-20260428-214014,740,19439572,102606,2026-04-22T12:00:00-05:00,La Liga,pending_result,dsr_parse_status=ok,bt2_events_cdm_v1,scheduled,,,200,FT,3,2,True,,3,2,sportmonks_fixture_api_v1,sin marcador final en fuente local,CDM/bt2_events incompleto; SM sí tiene FT,,
shadow-dsr-native-full-20260428-214014,741,19439579,102607,2026-04-22T13:00:00-05:00,La Liga,pending_result,dsr_parse_status=ok,bt2_events_cdm_v1,scheduled,,,200,FT,0,1,True,,0,1,sportmonks_fixture_api_v1,sin marcador final en fuente local,CDM/bt2_events incompleto; SM sí tiene FT,,
shadow-dsr-native-full-20260428-214014,742,19427202,,,,pending_result,dsr_parse_status=ok,toa_payload_only_v1,,,,200,FT,2,1,True,,2,1,sportmonks_fixture_api_v1,falta de enlace limpio,sin bt2_event_id; solo sm_fixture_id (evaluación depende de SM/merge),,
shadow-dsr-native-full-20260428-214014,743,19425212,,,,pending_result,dsr_parse_status=ok,toa_payload_only_v1,,,,200,FT,3,2,True,,3,2,sportmonks_fixture_api_v1,falta de enlace limpio,sin bt2_event_id; solo sm_fixture_id (evaluación depende de SM/merge),,
shadow-dsr-native-full-20260428-214014,744,19425216,,,,pending_result,dsr_parse_status=ok,toa_payload_only_v1,,,,200,FT,3,3,True,,3,3,sportmonks_fixture_api_v1,falta de enlace limpio,sin bt2_event_id; solo sm_fixture_id (evaluación depende de SM/merge),,
shadow-dsr-native-full-20260428-214014,745,19439562,,,,pending_result,dsr_parse_status=ok,toa_payload_only_v1,,,,200,FT,0,0,True,,0,0,sportmonks_fixture_api_v1,falta de enlace limpio,sin bt2_event_id; solo sm_fixture_id (evaluación depende de SM/merge),,
