source_shadow_pick_id,source_run_key,operating_day_key,bt2_event_id,sm_fixture_id,sm_league_id,league_name,eligibility_status,exclusion_cause,kickoff_utc,event_status,has_home_team,has_away_team,raw_odds_rows_t60,canonical_markets_available_count,canonical_markets_available,covered_markets_count,covered_markets
149,shadow-subset5-backfill-2025-01-05,2025-01-01,24657,19134910,8,Premier League,excluded,no_local_snapshot_before_t60,2025-01-01T12:30:00-05:00,finished,True,True,0,0,,0,
157,shadow-subset5-backfill-2025-01-05,2025-01-03,27061,19139795,301,Ligue 1,excluded,no_local_snapshot_before_t60,2025-01-03T15:00:00-05:00,finished,True,True,0,0,,0,
165,shadow-subset5-backfill-2025-01-05,2025-01-03,24979,19135367,564,La Liga,excluded,no_local_snapshot_before_t60,2025-01-03T15:00:00-05:00,finished,True,True,0,0,,0,
150,shadow-subset5-backfill-2025-01-05,2025-01-04,24674,19134927,8,Premier League,excluded,no_local_snapshot_before_t60,2025-01-04T07:30:00-05:00,finished,True,True,0,0,,0,
151,shadow-subset5-backfill-2025-01-05,2025-01-04,24666,19134919,8,Premier League,excluded,no_local_snapshot_before_t60,2025-01-04T10:00:00-05:00,finished,True,True,0,0,,0,
152,shadow-subset5-backfill-2025-01-05,2025-01-04,24667,19134920,8,Premier League,excluded,no_local_snapshot_before_t60,2025-01-04T10:00:00-05:00,finished,True,True,0,0,,0,
158,shadow-subset5-backfill-2025-01-05,2025-01-04,27056,19139790,301,Ligue 1,excluded,no_local_snapshot_before_t60,2025-01-04T11:00:00-05:00,finished,True,True,0,0,,0,
159,shadow-subset5-backfill-2025-01-05,2025-01-04,27058,19139792,301,Ligue 1,excluded,no_local_snapshot_before_t60,2025-01-04T13:00:00-05:00,finished,True,True,0,0,,0,
161,shadow-subset5-backfill-2025-01-05,2025-01-04,31499,19155256,384,Serie A,excluded,no_local_snapshot_before_t60,2025-01-04T09:00:00-05:00,finished,True,True,0,0,,0,
162,shadow-subset5-backfill-2025-01-05,2025-01-04,31492,19155249,384,Serie A,excluded,no_local_snapshot_before_t60,2025-01-04T12:00:00-05:00,finished,True,True,0,0,,0,
163,shadow-subset5-backfill-2025-01-05,2025-01-04,31493,19155250,384,Serie A,excluded,no_local_snapshot_before_t60,2025-01-04T14:45:00-05:00,finished,True,True,0,0,,0,
164,shadow-subset5-backfill-2025-01-05,2025-01-05,31496,19155253,384,Serie A,excluded,no_local_snapshot_before_t60,2025-01-05T06:30:00-05:00,finished,True,True,0,0,,0,
153,shadow-subset5-backfill-2025-01-05,2025-01-10,30924,19154681,82,Bundesliga,excluded,no_local_snapshot_before_t60,2025-01-10T14:45:00-05:00,finished,True,True,0,0,,0,
166,shadow-subset5-backfill-2025-01-05,2025-01-10,25050,19135438,564,La Liga,excluded,no_local_snapshot_before_t60,2025-01-10T15:00:00-05:00,finished,True,True,0,0,,0,
154,shadow-subset5-backfill-2025-01-05,2025-01-11,30925,19154682,82,Bundesliga,excluded,no_local_snapshot_before_t60,2025-01-11T09:30:00-05:00,finished,True,True,0,0,,0,
155,shadow-subset5-backfill-2025-01-05,2025-01-11,30926,19154683,82,Bundesliga,excluded,no_local_snapshot_before_t60,2025-01-11T09:30:00-05:00,finished,True,True,0,0,,0,
156,shadow-subset5-backfill-2025-01-05,2025-01-11,30927,19154684,82,Bundesliga,excluded,no_local_snapshot_before_t60,2025-01-11T09:30:00-05:00,finished,True,True,0,0,,0,
167,shadow-subset5-backfill-2025-01-05,2025-01-11,25046,19135434,564,La Liga,excluded,no_local_snapshot_before_t60,2025-01-11T08:00:00-05:00,finished,True,True,0,0,,0,
168,shadow-subset5-backfill-2025-01-05,2025-01-11,25049,19135437,564,La Liga,excluded,no_local_snapshot_before_t60,2025-01-11T10:15:00-05:00,finished,True,True,0,0,,0,
169,shadow-subset5-recovery-2025-07-12,2025-08-15,0,19427455,8,Premier League,excluded,missing_bt2_event_id,,,False,False,0,0,,0,
177,shadow-subset5-recovery-2025-07-12,2025-08-15,0,19433447,301,Ligue 1,excluded,missing_bt2_event_id,,,False,False,0,0,,0,
185,shadow-subset5-recovery-2025-07-12,2025-08-15,0,19439255,564,La Liga,excluded,missing_bt2_event_id,,,False,False,0,0,,0,
186,shadow-subset5-recovery-2025-07-12,2025-08-15,0,19439259,564,La Liga,excluded,missing_bt2_event_id,,,False,False,0,0,,0,
170,shadow-subset5-recovery-2025-07-12,2025-08-16,0,19427456,8,Premier League,excluded,missing_bt2_event_id,,,False,False,0,0,,0,
171,shadow-subset5-recovery-2025-07-12,2025-08-16,0,19427457,8,Premier League,excluded,missing_bt2_event_id,,,False,False,0,0,,0,
172,shadow-subset5-recovery-2025-07-12,2025-08-16,0,19427459,8,Premier League,excluded,missing_bt2_event_id,,,False,False,0,0,,0,
179,shadow-subset5-recovery-2025-07-12,2025-08-16,0,19433440,301,Ligue 1,excluded,missing_bt2_event_id,,,False,False,0,0,,0,
180,shadow-subset5-recovery-2025-07-12,2025-08-16,0,19433444,301,Ligue 1,excluded,missing_bt2_event_id,,,False,False,0,0,,0,
187,shadow-subset5-recovery-2025-07-12,2025-08-16,0,19439256,564,La Liga,excluded,missing_bt2_event_id,,,False,False,0,0,,0,
188,shadow-subset5-recovery-2025-07-12,2025-08-16,0,19439252,564,La Liga,excluded,missing_bt2_event_id,,,False,False,0,0,,0,
173,shadow-subset5-recovery-2025-07-12,2025-08-22,0,19431622,82,Bundesliga,excluded,missing_bt2_event_id,,,False,False,0,0,,0,
174,shadow-subset5-recovery-2025-07-12,2025-08-23,0,19431623,82,Bundesliga,excluded,missing_bt2_event_id,,,False,False,0,0,,0,
175,shadow-subset5-recovery-2025-07-12,2025-08-23,0,19433478,82,Bundesliga,excluded,missing_bt2_event_id,,,False,False,0,0,,0,
176,shadow-subset5-recovery-2025-07-12,2025-08-23,0,19433479,82,Bundesliga,excluded,missing_bt2_event_id,,,False,False,0,0,,0,
181,shadow-subset5-recovery-2025-07-12,2025-08-23,0,19424884,384,Serie A,excluded,missing_bt2_event_id,,,False,False,0,0,,0,
182,shadow-subset5-recovery-2025-07-12,2025-08-23,0,19424889,384,Serie A,excluded,missing_bt2_event_id,,,False,False,0,0,,0,
183,shadow-subset5-recovery-2025-07-12,2025-08-23,0,19424887,384,Serie A,excluded,missing_bt2_event_id,,,False,False,0,0,,0,
184,shadow-subset5-recovery-2025-07-12,2025-08-23,0,19424888,384,Serie A,excluded,missing_bt2_event_id,,,False,False,0,0,,0,
266,shadow-subset5-backfill-2026-01,2026-01-01,0,19427640,8,Premier League,excluded,missing_bt2_event_id,,,False,False,0,0,,0,
267,shadow-subset5-backfill-2026-01,2026-01-01,0,19427641,8,Premier League,excluded,missing_bt2_event_id,,,False,False,0,0,,0,
268,shadow-subset5-backfill-2026-01,2026-01-01,0,19427637,8,Premier League,excluded,missing_bt2_event_id,,,False,False,0,0,,0,
269,shadow-subset5-backfill-2026-01,2026-01-01,0,19427644,8,Premier League,excluded,missing_bt2_event_id,,,False,False,0,0,,0,
290,shadow-subset5-backfill-2026-01,2026-01-02,0,19433885,301,Ligue 1,excluded,missing_bt2_event_id,,,False,False,0,0,,0,
302,shadow-subset5-backfill-2026-01,2026-01-02,0,19425052,384,Serie A,excluded,missing_bt2_event_id,,,False,False,0,0,,0,
314,shadow-subset5-backfill-2026-01,2026-01-02,0,19439426,564,La Liga,excluded,missing_bt2_event_id,,,False,False,0,0,,0,
270,shadow-subset5-backfill-2026-01,2026-01-03,0,19427646,8,Premier League,excluded,missing_bt2_event_id,,,False,False,0,0,,0,
271,shadow-subset5-backfill-2026-01,2026-01-03,0,19427648,8,Premier League,excluded,missing_bt2_event_id,,,False,False,0,0,,0,
272,shadow-subset5-backfill-2026-01,2026-01-03,0,19427655,8,Premier League,excluded,missing_bt2_event_id,,,False,False,0,0,,0,
273,shadow-subset5-backfill-2026-01,2026-01-03,0,19427647,8,Premier League,excluded,missing_bt2_event_id,,,False,False,0,0,,0,
292,shadow-subset5-backfill-2026-01,2026-01-03,0,19433881,301,Ligue 1,excluded,missing_bt2_event_id,,,False,False,0,0,,0,
293,shadow-subset5-backfill-2026-01,2026-01-03,0,19433879,301,Ligue 1,excluded,missing_bt2_event_id,,,False,False,0,0,,0,
303,shadow-subset5-backfill-2026-01,2026-01-03,0,19425053,384,Serie A,excluded,missing_bt2_event_id,,,False,False,0,0,,0,
304,shadow-subset5-backfill-2026-01,2026-01-03,0,19425055,384,Serie A,excluded,missing_bt2_event_id,,,False,False,0,0,,0,
305,shadow-subset5-backfill-2026-01,2026-01-03,0,19425060,384,Serie A,excluded,missing_bt2_event_id,,,False,False,0,0,,0,
306,shadow-subset5-backfill-2026-01,2026-01-03,0,19425058,384,Serie A,excluded,missing_bt2_event_id,,,False,False,0,0,,0,
307,shadow-subset5-backfill-2026-01,2026-01-03,0,19425051,384,Serie A,excluded,missing_bt2_event_id,,,False,False,0,0,,0,
315,shadow-subset5-backfill-2026-01,2026-01-03,0,19439420,564,La Liga,excluded,missing_bt2_event_id,,,False,False,0,0,,0,
316,shadow-subset5-backfill-2026-01,2026-01-03,0,19439425,564,La Liga,excluded,missing_bt2_event_id,,,False,False,0,0,,0,
317,shadow-subset5-backfill-2026-01,2026-01-03,0,19439422,564,La Liga,excluded,missing_bt2_event_id,,,False,False,0,0,,0,
318,shadow-subset5-backfill-2026-01,2026-01-03,0,19439423,564,La Liga,excluded,missing_bt2_event_id,,,False,False,0,0,,0,
274,shadow-subset5-backfill-2026-01,2026-01-04,0,19427651,8,Premier League,excluded,missing_bt2_event_id,,,False,False,0,0,,0,
275,shadow-subset5-backfill-2026-01,2026-01-04,0,19427649,8,Premier League,excluded,missing_bt2_event_id,,,False,False,0,0,,0,
276,shadow-subset5-backfill-2026-01,2026-01-04,0,19427653,8,Premier League,excluded,missing_bt2_event_id,,,False,False,0,0,,0,
277,shadow-subset5-backfill-2026-01,2026-01-04,0,19427654,8,Premier League,excluded,missing_bt2_event_id,,,False,False,0,0,,0,
294,shadow-subset5-backfill-2026-01,2026-01-04,0,19433882,301,Ligue 1,excluded,missing_bt2_event_id,,,False,False,0,0,,0,
295,shadow-subset5-backfill-2026-01,2026-01-04,0,19433878,301,Ligue 1,excluded,missing_bt2_event_id,,,False,False,0,0,,0,
296,shadow-subset5-backfill-2026-01,2026-01-04,0,19433880,301,Ligue 1,excluded,missing_bt2_event_id,,,False,False,0,0,,0,
297,shadow-subset5-backfill-2026-01,2026-01-04,0,19433884,301,Ligue 1,excluded,missing_bt2_event_id,,,False,False,0,0,,0,
298,shadow-subset5-backfill-2026-01,2026-01-04,0,19433883,301,Ligue 1,excluded,missing_bt2_event_id,,,False,False,0,0,,0,
308,shadow-subset5-backfill-2026-01,2026-01-04,0,19425059,384,Serie A,excluded,missing_bt2_event_id,,,False,False,0,0,,0,
309,shadow-subset5-backfill-2026-01,2026-01-04,0,19425054,384,Serie A,excluded,missing_bt2_event_id,,,False,False,0,0,,0,
310,shadow-subset5-backfill-2026-01,2026-01-04,0,19425056,384,Serie A,excluded,missing_bt2_event_id,,,False,False,0,0,,0,
311,shadow-subset5-backfill-2026-01,2026-01-04,0,19425057,384,Serie A,excluded,missing_bt2_event_id,,,False,False,0,0,,0,
319,shadow-subset5-backfill-2026-01,2026-01-04,0,19439429,564,La Liga,excluded,missing_bt2_event_id,,,False,False,0,0,,0,
320,shadow-subset5-backfill-2026-01,2026-01-04,0,19439427,564,La Liga,excluded,missing_bt2_event_id,,,False,False,0,0,,0,
321,shadow-subset5-backfill-2026-01,2026-01-04,0,19439421,564,La Liga,excluded,missing_bt2_event_id,,,False,False,0,0,,0,
322,shadow-subset5-backfill-2026-01,2026-01-04,0,19439424,564,La Liga,excluded,missing_bt2_event_id,,,False,False,0,0,,0,
323,shadow-subset5-backfill-2026-01,2026-01-04,0,19439428,564,La Liga,excluded,missing_bt2_event_id,,,False,False,0,0,,0,
312,shadow-subset5-backfill-2026-01,2026-01-06,0,19425068,384,Serie A,excluded,missing_bt2_event_id,,,False,False,0,0,,0,
313,shadow-subset5-backfill-2026-01,2026-01-06,0,19425064,384,Serie A,excluded,missing_bt2_event_id,,,False,False,0,0,,0,
278,shadow-subset5-backfill-2026-01,2026-01-09,0,19433614,82,Bundesliga,excluded,missing_bt2_event_id,,,False,False,0,0,,0,
324,shadow-subset5-backfill-2026-01,2026-01-09,0,19439432,564,La Liga,excluded,missing_bt2_event_id,,,False,False,0,0,,0,
279,shadow-subset5-backfill-2026-01,2026-01-10,0,19433610,82,Bundesliga,excluded,missing_bt2_event_id,,,False,False,0,0,,0,
280,shadow-subset5-backfill-2026-01,2026-01-10,0,19433611,82,Bundesliga,excluded,missing_bt2_event_id,,,False,False,0,0,,0,
281,shadow-subset5-backfill-2026-01,2026-01-10,0,19433617,82,Bundesliga,excluded,missing_bt2_event_id,,,False,False,0,0,,0,
282,shadow-subset5-backfill-2026-01,2026-01-10,0,19433612,82,Bundesliga,excluded,missing_bt2_event_id,,,False,False,0,0,,0,
325,shadow-subset5-backfill-2026-01,2026-01-10,0,19439436,564,La Liga,excluded,missing_bt2_event_id,,,False,False,0,0,,0,
283,shadow-subset5-backfill-2026-01,2026-01-11,0,19433613,82,Bundesliga,excluded,missing_bt2_event_id,,,False,False,0,0,,0,
284,shadow-subset5-backfill-2026-01,2026-01-11,0,19433615,82,Bundesliga,excluded,missing_bt2_event_id,,,False,False,0,0,,0,
285,shadow-subset5-backfill-2026-01,2026-01-13,0,19433626,82,Bundesliga,excluded,missing_bt2_event_id,,,False,False,0,0,,0,
286,shadow-subset5-backfill-2026-01,2026-01-13,0,19433620,82,Bundesliga,excluded,missing_bt2_event_id,,,False,False,0,0,,0,
287,shadow-subset5-backfill-2026-01,2026-01-13,0,19433621,82,Bundesliga,excluded,missing_bt2_event_id,,,False,False,0,0,,0,
288,shadow-subset5-backfill-2026-01,2026-01-14,0,19433627,82,Bundesliga,excluded,missing_bt2_event_id,,,False,False,0,0,,0,
289,shadow-subset5-backfill-2026-01,2026-01-14,0,19433619,82,Bundesliga,excluded,missing_bt2_event_id,,,False,False,0,0,,0,
299,shadow-subset5-backfill-2026-01,2026-01-16,0,19433887,301,Ligue 1,excluded,missing_bt2_event_id,,,False,False,0,0,,0,
300,shadow-subset5-backfill-2026-01,2026-01-16,0,19433890,301,Ligue 1,excluded,missing_bt2_event_id,,,False,False,0,0,,0,
301,shadow-subset5-backfill-2026-01,2026-01-17,0,19433891,301,Ligue 1,excluded,missing_bt2_event_id,,,False,False,0,0,,0,
326,shadow-subset5-backfill-2026-02,2026-02-01,0,19427686,8,Premier League,excluded,missing_bt2_event_id,,,False,False,0,0,,0,
327,shadow-subset5-backfill-2026-02,2026-02-01,0,19427691,8,Premier League,excluded,missing_bt2_event_id,,,False,False,0,0,,0,
328,shadow-subset5-backfill-2026-02,2026-02-01,0,19427692,8,Premier League,excluded,missing_bt2_event_id,,,False,False,0,0,,0,
329,shadow-subset5-backfill-2026-02,2026-02-01,0,19427694,8,Premier League,excluded,missing_bt2_event_id,,,False,False,0,0,,0,
338,shadow-subset5-backfill-2026-02,2026-02-01,0,19433654,82,Bundesliga,excluded,missing_bt2_event_id,,,False,False,0,0,,0,
339,shadow-subset5-backfill-2026-02,2026-02-01,0,19433647,82,Bundesliga,excluded,missing_bt2_event_id,,,False,False,0,0,,0,
351,shadow-subset5-backfill-2026-02,2026-02-01,0,19433907,301,Ligue 1,excluded,missing_bt2_event_id,,,False,False,0,0,,0,
352,shadow-subset5-backfill-2026-02,2026-02-01,0,19433912,301,Ligue 1,excluded,missing_bt2_event_id,,,False,False,0,0,,0,
353,shadow-subset5-backfill-2026-02,2026-02-01,0,19467805,301,Ligue 1,excluded,missing_bt2_event_id,,,False,False,0,0,,0,
354,shadow-subset5-backfill-2026-02,2026-02-01,0,19433911,301,Ligue 1,excluded,missing_bt2_event_id,,,False,False,0,0,,0,
362,shadow-subset5-backfill-2026-02,2026-02-01,0,19425109,384,Serie A,excluded,missing_bt2_event_id,,,False,False,0,0,,0,
363,shadow-subset5-backfill-2026-02,2026-02-01,0,19425103,384,Serie A,excluded,missing_bt2_event_id,,,False,False,0,0,,0,
364,shadow-subset5-backfill-2026-02,2026-02-01,0,19425104,384,Serie A,excluded,missing_bt2_event_id,,,False,False,0,0,,0,
365,shadow-subset5-backfill-2026-02,2026-02-01,0,19425107,384,Serie A,excluded,missing_bt2_event_id,,,False,False,0,0,,0,
374,shadow-subset5-backfill-2026-02,2026-02-01,0,19439468,564,La Liga,excluded,missing_bt2_event_id,,,False,False,0,0,,0,
375,shadow-subset5-backfill-2026-02,2026-02-01,0,19439467,564,La Liga,excluded,missing_bt2_event_id,,,False,False,0,0,,0,
376,shadow-subset5-backfill-2026-02,2026-02-01,0,19439463,564,La Liga,excluded,missing_bt2_event_id,,,False,False,0,0,,0,
377,shadow-subset5-backfill-2026-02,2026-02-01,0,19439460,564,La Liga,excluded,missing_bt2_event_id,,,False,False,0,0,,0,
330,shadow-subset5-backfill-2026-02,2026-02-02,0,19427693,8,Premier League,excluded,missing_bt2_event_id,,,False,False,0,0,,0,
366,shadow-subset5-backfill-2026-02,2026-02-02,0,19425110,384,Serie A,excluded,missing_bt2_event_id,,,False,False,0,0,,0,
378,shadow-subset5-backfill-2026-02,2026-02-02,0,19439465,564,La Liga,excluded,missing_bt2_event_id,,,False,False,0,0,,0,
367,shadow-subset5-backfill-2026-02,2026-02-03,0,19425101,384,Serie A,excluded,missing_bt2_event_id,,,False,False,0,0,,0,
331,shadow-subset5-backfill-2026-02,2026-02-06,0,19427701,8,Premier League,excluded,missing_bt2_event_id,,,False,False,0,0,,0,
340,shadow-subset5-backfill-2026-02,2026-02-06,0,19433657,82,Bundesliga,excluded,missing_bt2_event_id,,,False,False,0,0,,0,
355,shadow-subset5-backfill-2026-02,2026-02-06,0,19433916,301,Ligue 1,excluded,missing_bt2_event_id,,,False,False,0,0,,0,
368,shadow-subset5-backfill-2026-02,2026-02-06,0,19425115,384,Serie A,excluded,missing_bt2_event_id,,,False,False,0,0,,0,
379,shadow-subset5-backfill-2026-02,2026-02-06,0,19439473,564,La Liga,excluded,missing_bt2_event_id,,,False,False,0,0,,0,
332,shadow-subset5-backfill-2026-02,2026-02-07,0,19427703,8,Premier League,excluded,missing_bt2_event_id,,,False,False,0,0,,0,
333,shadow-subset5-backfill-2026-02,2026-02-07,0,19427696,8,Premier League,excluded,missing_bt2_event_id,,,False,False,0,0,,0,
334,shadow-subset5-backfill-2026-02,2026-02-07,0,19427697,8,Premier League,excluded,missing_bt2_event_id,,,False,False,0,0,,0,
335,shadow-subset5-backfill-2026-02,2026-02-07,0,19427699,8,Premier League,excluded,missing_bt2_event_id,,,False,False,0,0,,0,
336,shadow-subset5-backfill-2026-02,2026-02-07,0,19427700,8,Premier League,excluded,missing_bt2_event_id,,,False,False,0,0,,0,
337,shadow-subset5-backfill-2026-02,2026-02-07,0,19427705,8,Premier League,excluded,missing_bt2_event_id,,,False,False,0,0,,0,
341,shadow-subset5-backfill-2026-02,2026-02-07,0,19433655,82,Bundesliga,excluded,missing_bt2_event_id,,,False,False,0,0,,0,
342,shadow-subset5-backfill-2026-02,2026-02-07,0,19433658,82,Bundesliga,excluded,missing_bt2_event_id,,,False,False,0,0,,0,
343,shadow-subset5-backfill-2026-02,2026-02-07,0,19433661,82,Bundesliga,excluded,missing_bt2_event_id,,,False,False,0,0,,0,
344,shadow-subset5-backfill-2026-02,2026-02-07,0,19433662,82,Bundesliga,excluded,missing_bt2_event_id,,,False,False,0,0,,0,
345,shadow-subset5-backfill-2026-02,2026-02-07,0,19433663,82,Bundesliga,excluded,missing_bt2_event_id,,,False,False,0,0,,0,
346,shadow-subset5-backfill-2026-02,2026-02-07,0,19433659,82,Bundesliga,excluded,missing_bt2_event_id,,,False,False,0,0,,0,
356,shadow-subset5-backfill-2026-02,2026-02-07,0,19433920,301,Ligue 1,excluded,missing_bt2_event_id,,,False,False,0,0,,0,
357,shadow-subset5-backfill-2026-02,2026-02-07,0,19433921,301,Ligue 1,excluded,missing_bt2_event_id,,,False,False,0,0,,0,
369,shadow-subset5-backfill-2026-02,2026-02-07,0,19425114,384,Serie A,excluded,missing_bt2_event_id,,,False,False,0,0,,0,
370,shadow-subset5-backfill-2026-02,2026-02-07,0,19425113,384,Serie A,excluded,missing_bt2_event_id,,,False,False,0,0,,0,
380,shadow-subset5-backfill-2026-02,2026-02-07,0,19439472,564,La Liga,excluded,missing_bt2_event_id,,,False,False,0,0,,0,
381,shadow-subset5-backfill-2026-02,2026-02-07,0,19439476,564,La Liga,excluded,missing_bt2_event_id,,,False,False,0,0,,0,
347,shadow-subset5-backfill-2026-02,2026-02-08,0,19433656,82,Bundesliga,excluded,missing_bt2_event_id,,,False,False,0,0,,0,
348,shadow-subset5-backfill-2026-02,2026-02-08,0,19433660,82,Bundesliga,excluded,missing_bt2_event_id,,,False,False,0,0,,0,
359,shadow-subset5-backfill-2026-02,2026-02-08,0,19433918,301,Ligue 1,excluded,missing_bt2_event_id,,,False,False,0,0,,0,
360,shadow-subset5-backfill-2026-02,2026-02-08,0,19467815,301,Ligue 1,excluded,missing_bt2_event_id,,,False,False,0,0,,0,
361,shadow-subset5-backfill-2026-02,2026-02-08,0,19467817,301,Ligue 1,excluded,missing_bt2_event_id,,,False,False,0,0,,0,
371,shadow-subset5-backfill-2026-02,2026-02-08,0,19425112,384,Serie A,excluded,missing_bt2_event_id,,,False,False,0,0,,0,
372,shadow-subset5-backfill-2026-02,2026-02-08,0,19425117,384,Serie A,excluded,missing_bt2_event_id,,,False,False,0,0,,0,
373,shadow-subset5-backfill-2026-02,2026-02-08,0,19425120,384,Serie A,excluded,missing_bt2_event_id,,,False,False,0,0,,0,
382,shadow-subset5-backfill-2026-02,2026-02-08,0,19439474,564,La Liga,excluded,missing_bt2_event_id,,,False,False,0,0,,0,
383,shadow-subset5-backfill-2026-02,2026-02-08,0,19439470,564,La Liga,excluded,missing_bt2_event_id,,,False,False,0,0,,0,
384,shadow-subset5-backfill-2026-02,2026-02-08,0,19439477,564,La Liga,excluded,missing_bt2_event_id,,,False,False,0,0,,0,
385,shadow-subset5-backfill-2026-02,2026-02-08,0,19439471,564,La Liga,excluded,missing_bt2_event_id,,,False,False,0,0,,0,
349,shadow-subset5-backfill-2026-02,2026-02-13,0,19433665,82,Bundesliga,excluded,missing_bt2_event_id,,,False,False,0,0,,0,
386,shadow-subset5-backfill-2026-03,2026-03-01,0,19427157,8,Premier League,excluded,missing_bt2_event_id,,,False,False,0,0,,0,
387,shadow-subset5-backfill-2026-03,2026-03-01,0,19427159,8,Premier League,excluded,missing_bt2_event_id,,,False,False,0,0,,0,
388,shadow-subset5-backfill-2026-03,2026-03-01,0,19427162,8,Premier League,excluded,missing_bt2_event_id,,,False,False,0,0,,0,
389,shadow-subset5-backfill-2026-03,2026-03-01,0,19427155,8,Premier League,excluded,missing_bt2_event_id,,,False,False,0,0,,0,
398,shadow-subset5-backfill-2026-03,2026-03-01,0,19433690,82,Bundesliga,excluded,missing_bt2_event_id,,,False,False,0,0,,0,
399,shadow-subset5-backfill-2026-03,2026-03-01,0,19433685,82,Bundesliga,excluded,missing_bt2_event_id,,,False,False,0,0,,0,
400,shadow-subset5-backfill-2026-03,2026-03-01,0,19433687,82,Bundesliga,excluded,missing_bt2_event_id,,,False,False,0,0,,0,
410,shadow-subset5-backfill-2026-03,2026-03-01,0,19467843,301,Ligue 1,excluded,missing_bt2_event_id,,,False,False,0,0,,0,
411,shadow-subset5-backfill-2026-03,2026-03-01,0,19467847,301,Ligue 1,excluded,missing_bt2_event_id,,,False,False,0,0,,0,
412,shadow-subset5-backfill-2026-03,2026-03-01,0,19467848,301,Ligue 1,excluded,missing_bt2_event_id,,,False,False,0,0,,0,
413,shadow-subset5-backfill-2026-03,2026-03-01,0,19467849,301,Ligue 1,excluded,missing_bt2_event_id,,,False,False,0,0,,0,
422,shadow-subset5-backfill-2026-03,2026-03-01,0,19425142,384,Serie A,excluded,missing_bt2_event_id,,,False,False,0,0,,0,
423,shadow-subset5-backfill-2026-03,2026-03-01,0,19425148,384,Serie A,excluded,missing_bt2_event_id,,,False,False,0,0,,0,
424,shadow-subset5-backfill-2026-03,2026-03-01,0,19425149,384,Serie A,excluded,missing_bt2_event_id,,,False,False,0,0,,0,
425,shadow-subset5-backfill-2026-03,2026-03-01,0,19425147,384,Serie A,excluded,missing_bt2_event_id,,,False,False,0,0,,0,
434,shadow-subset5-backfill-2026-03,2026-03-01,0,19439501,564,La Liga,excluded,missing_bt2_event_id,,,False,False,0,0,,0,
435,shadow-subset5-backfill-2026-03,2026-03-01,0,19439509,564,La Liga,excluded,missing_bt2_event_id,,,False,False,0,0,,0,
436,shadow-subset5-backfill-2026-03,2026-03-01,0,19439506,564,La Liga,excluded,missing_bt2_event_id,,,False,False,0,0,,0,
437,shadow-subset5-backfill-2026-03,2026-03-01,0,19439502,564,La Liga,excluded,missing_bt2_event_id,,,False,False,0,0,,0,
426,shadow-subset5-backfill-2026-03,2026-03-02,0,19425146,384,Serie A,excluded,missing_bt2_event_id,,,False,False,0,0,,0,
427,shadow-subset5-backfill-2026-03,2026-03-02,0,19425150,384,Serie A,excluded,missing_bt2_event_id,,,False,False,0,0,,0,
438,shadow-subset5-backfill-2026-03,2026-03-02,0,19439507,564,La Liga,excluded,missing_bt2_event_id,,,False,False,0,0,,0,
390,shadow-subset5-backfill-2026-03,2026-03-03,0,19427166,8,Premier League,excluded,missing_bt2_event_id,,,False,False,0,0,,0,
391,shadow-subset5-backfill-2026-03,2026-03-03,0,19427168,8,Premier League,excluded,missing_bt2_event_id,,,False,False,0,0,,0,
392,shadow-subset5-backfill-2026-03,2026-03-03,0,19427170,8,Premier League,excluded,missing_bt2_event_id,,,False,False,0,0,,0,
393,shadow-subset5-backfill-2026-03,2026-03-03,0,19427174,8,Premier League,excluded,missing_bt2_event_id,,,False,False,0,0,,0,
394,shadow-subset5-backfill-2026-03,2026-03-04,0,19427165,8,Premier League,excluded,missing_bt2_event_id,,,False,False,0,0,,0,
395,shadow-subset5-backfill-2026-03,2026-03-04,0,19427167,8,Premier League,excluded,missing_bt2_event_id,,,False,False,0,0,,0,
396,shadow-subset5-backfill-2026-03,2026-03-04,0,19427169,8,Premier League,excluded,missing_bt2_event_id,,,False,False,0,0,,0,
397,shadow-subset5-backfill-2026-03,2026-03-04,0,19427171,8,Premier League,excluded,missing_bt2_event_id,,,False,False,0,0,,0,
401,shadow-subset5-backfill-2026-03,2026-03-04,0,19433623,82,Bundesliga,excluded,missing_bt2_event_id,,,False,False,0,0,,0,
439,shadow-subset5-backfill-2026-03,2026-03-04,0,19439475,564,La Liga,excluded,missing_bt2_event_id,,,False,False,0,0,,0,
402,shadow-subset5-backfill-2026-03,2026-03-06,0,19433695,82,Bundesliga,excluded,missing_bt2_event_id,,,False,False,0,0,,0,
415,shadow-subset5-backfill-2026-03,2026-03-06,0,19467851,301,Ligue 1,excluded,missing_bt2_event_id,,,False,False,0,0,,0,
428,shadow-subset5-backfill-2026-03,2026-03-06,0,19425160,384,Serie A,excluded,missing_bt2_event_id,,,False,False,0,0,,0,
440,shadow-subset5-backfill-2026-03,2026-03-06,0,19439512,564,La Liga,excluded,missing_bt2_event_id,,,False,False,0,0,,0,
403,shadow-subset5-backfill-2026-03,2026-03-07,0,19433691,82,Bundesliga,excluded,missing_bt2_event_id,,,False,False,0,0,,0,
404,shadow-subset5-backfill-2026-03,2026-03-07,0,19433694,82,Bundesliga,excluded,missing_bt2_event_id,,,False,False,0,0,,0,
405,shadow-subset5-backfill-2026-03,2026-03-07,0,19433697,82,Bundesliga,excluded,missing_bt2_event_id,,,False,False,0,0,,0,
406,shadow-subset5-backfill-2026-03,2026-03-07,0,19433698,82,Bundesliga,excluded,missing_bt2_event_id,,,False,False,0,0,,0,
407,shadow-subset5-backfill-2026-03,2026-03-07,0,19433699,82,Bundesliga,excluded,missing_bt2_event_id,,,False,False,0,0,,0,
408,shadow-subset5-backfill-2026-03,2026-03-07,0,19433692,82,Bundesliga,excluded,missing_bt2_event_id,,,False,False,0,0,,0,
416,shadow-subset5-backfill-2026-03,2026-03-07,0,19467850,301,Ligue 1,excluded,missing_bt2_event_id,,,False,False,0,0,,0,
417,shadow-subset5-backfill-2026-03,2026-03-07,0,19467852,301,Ligue 1,excluded,missing_bt2_event_id,,,False,False,0,0,,0,
418,shadow-subset5-backfill-2026-03,2026-03-07,0,19467854,301,Ligue 1,excluded,missing_bt2_event_id,,,False,False,0,0,,0,
429,shadow-subset5-backfill-2026-03,2026-03-07,0,19425153,384,Serie A,excluded,missing_bt2_event_id,,,False,False,0,0,,0,
430,shadow-subset5-backfill-2026-03,2026-03-07,0,19425151,384,Serie A,excluded,missing_bt2_event_id,,,False,False,0,0,,0,
431,shadow-subset5-backfill-2026-03,2026-03-07,0,19425156,384,Serie A,excluded,missing_bt2_event_id,,,False,False,0,0,,0,
441,shadow-subset5-backfill-2026-03,2026-03-07,0,19439516,564,La Liga,excluded,missing_bt2_event_id,,,False,False,0,0,,0,
442,shadow-subset5-backfill-2026-03,2026-03-07,0,19439515,564,La Liga,excluded,missing_bt2_event_id,,,False,False,0,0,,0,
443,shadow-subset5-backfill-2026-03,2026-03-07,0,19439511,564,La Liga,excluded,missing_bt2_event_id,,,False,False,0,0,,0,
444,shadow-subset5-backfill-2026-03,2026-03-07,0,19439510,564,La Liga,excluded,missing_bt2_event_id,,,False,False,0,0,,0,
409,shadow-subset5-backfill-2026-03,2026-03-08,0,19433696,82,Bundesliga,excluded,missing_bt2_event_id,,,False,False,0,0,,0,
419,shadow-subset5-backfill-2026-03,2026-03-08,0,19467856,301,Ligue 1,excluded,missing_bt2_event_id,,,False,False,0,0,,0,
420,shadow-subset5-backfill-2026-03,2026-03-08,0,19467855,301,Ligue 1,excluded,missing_bt2_event_id,,,False,False,0,0,,0,
421,shadow-subset5-backfill-2026-03,2026-03-08,0,19467857,301,Ligue 1,excluded,missing_bt2_event_id,,,False,False,0,0,,0,
432,shadow-subset5-backfill-2026-03,2026-03-08,0,19425158,384,Serie A,excluded,missing_bt2_event_id,,,False,False,0,0,,0,
433,shadow-subset5-backfill-2026-03,2026-03-08,0,19425152,384,Serie A,excluded,missing_bt2_event_id,,,False,False,0,0,,0,
445,shadow-subset5-backfill-2026-03,2026-03-08,0,19439519,564,La Liga,excluded,missing_bt2_event_id,,,False,False,0,0,,0,
206,shadow-subset5-backfill-2026-04,2026-04-10,102344,19427726,8,Premier League,dsr_ready,eligible_dsr_ready,2026-04-10T14:00:00-05:00,scheduled,True,True,11,1,FT_1X2,1,FT_1X2
230,shadow-subset5-backfill-2026-04,2026-04-10,102337,19467890,301,Ligue 1,dsr_ready,eligible_dsr_ready,2026-04-10T12:00:00-05:00,scheduled,True,True,11,1,FT_1X2,1,FT_1X2
231,shadow-subset5-backfill-2026-04,2026-04-10,102338,19467894,301,Ligue 1,excluded,value_pool_failed_no_complete_market_family,2026-04-10T14:05:00-05:00,scheduled,True,True,11,1,FT_1X2,0,
242,shadow-subset5-backfill-2026-04,2026-04-10,102353,19425199,384,Serie A,dsr_ready,eligible_dsr_ready,2026-04-10T13:45:00-05:00,scheduled,True,True,11,1,FT_1X2,1,FT_1X2
254,shadow-subset5-backfill-2026-04,2026-04-10,102328,19439557,564,La Liga,dsr_ready,eligible_dsr_ready,2026-04-10T14:00:00-05:00,scheduled,True,True,11,1,FT_1X2,1,FT_1X2
207,shadow-subset5-backfill-2026-04,2026-04-11,102345,19427721,8,Premier League,dsr_ready,eligible_dsr_ready,2026-04-11T06:30:00-05:00,scheduled,True,True,11,1,FT_1X2,1,FT_1X2
208,shadow-subset5-backfill-2026-04,2026-04-11,102346,19427194,8,Premier League,dsr_ready,eligible_dsr_ready,2026-04-11T09:00:00-05:00,scheduled,True,True,11,1,FT_1X2,1,FT_1X2
209,shadow-subset5-backfill-2026-04,2026-04-11,102347,19427722,8,Premier League,dsr_ready,eligible_dsr_ready,2026-04-11T09:00:00-05:00,scheduled,True,True,11,1,FT_1X2,1,FT_1X2
210,shadow-subset5-backfill-2026-04,2026-04-11,102348,19427197,8,Premier League,dsr_ready,eligible_dsr_ready,2026-04-11T11:30:00-05:00,scheduled,True,True,11,1,FT_1X2,1,FT_1X2
232,shadow-subset5-backfill-2026-04,2026-04-11,102339,19467891,301,Ligue 1,dsr_ready,eligible_dsr_ready,2026-04-11T12:00:00-05:00,scheduled,True,True,11,1,FT_1X2,1,FT_1X2
233,shadow-subset5-backfill-2026-04,2026-04-11,102340,19467893,301,Ligue 1,dsr_ready,eligible_dsr_ready,2026-04-11T14:05:00-05:00,scheduled,True,True,11,1,FT_1X2,1,FT_1X2
243,shadow-subset5-backfill-2026-04,2026-04-11,102354,19425193,384,Serie A,dsr_ready,eligible_dsr_ready,2026-04-11T08:00:00-05:00,scheduled,True,True,11,1,FT_1X2,1,FT_1X2
244,shadow-subset5-backfill-2026-04,2026-04-11,102355,19425200,384,Serie A,dsr_ready,eligible_dsr_ready,2026-04-11T08:00:00-05:00,scheduled,True,True,11,1,FT_1X2,1,FT_1X2
245,shadow-subset5-backfill-2026-04,2026-04-11,102356,19425197,384,Serie A,dsr_ready,eligible_dsr_ready,2026-04-11T11:00:00-05:00,scheduled,True,True,11,1,FT_1X2,1,FT_1X2
246,shadow-subset5-backfill-2026-04,2026-04-11,102357,19425191,384,Serie A,dsr_ready,eligible_dsr_ready,2026-04-11T13:45:00-05:00,scheduled,True,True,11,1,FT_1X2,1,FT_1X2
255,shadow-subset5-backfill-2026-04,2026-04-11,102329,19439558,564,La Liga,dsr_ready,eligible_dsr_ready,2026-04-11T07:00:00-05:00,scheduled,True,True,11,1,FT_1X2,1,FT_1X2
256,shadow-subset5-backfill-2026-04,2026-04-11,102330,19439553,564,La Liga,dsr_ready,eligible_dsr_ready,2026-04-11T09:15:00-05:00,scheduled,True,True,11,1,FT_1X2,1,FT_1X2
257,shadow-subset5-backfill-2026-04,2026-04-11,102331,19439551,564,La Liga,dsr_ready,eligible_dsr_ready,2026-04-11T11:30:00-05:00,scheduled,True,True,11,1,FT_1X2,1,FT_1X2
258,shadow-subset5-backfill-2026-04,2026-04-11,102332,19439559,564,La Liga,dsr_ready,eligible_dsr_ready,2026-04-11T14:00:00-05:00,scheduled,True,True,11,1,FT_1X2,1,FT_1X2
211,shadow-subset5-backfill-2026-04,2026-04-12,102349,19427196,8,Premier League,dsr_ready,eligible_dsr_ready,2026-04-12T08:00:00-05:00,finished,True,True,7,1,FT_1X2,1,FT_1X2
212,shadow-subset5-backfill-2026-04,2026-04-12,102350,19427724,8,Premier League,dsr_ready,eligible_dsr_ready,2026-04-12T08:00:00-05:00,finished,True,True,7,1,FT_1X2,1,FT_1X2
213,shadow-subset5-backfill-2026-04,2026-04-12,102351,19427725,8,Premier League,dsr_ready,eligible_dsr_ready,2026-04-12T08:00:00-05:00,finished,True,True,7,1,FT_1X2,1,FT_1X2
214,shadow-subset5-backfill-2026-04,2026-04-12,102352,19427195,8,Premier League,dsr_ready,eligible_dsr_ready,2026-04-12T10:30:00-05:00,finished,True,True,6,1,FT_1X2,1,FT_1X2
234,shadow-subset5-backfill-2026-04,2026-04-12,102341,19467886,301,Ligue 1,excluded,value_pool_failed_no_complete_market_family,2026-04-12T10:15:00-05:00,finished,True,True,3,1,FT_1X2,0,
235,shadow-subset5-backfill-2026-04,2026-04-12,102342,19467887,301,Ligue 1,dsr_ready,eligible_dsr_ready,2026-04-12T10:15:00-05:00,finished,True,True,5,1,FT_1X2,1,FT_1X2
247,shadow-subset5-backfill-2026-04,2026-04-12,102358,19425196,384,Serie A,dsr_ready,eligible_dsr_ready,2026-04-12T05:30:00-05:00,finished,True,True,6,1,FT_1X2,1,FT_1X2
248,shadow-subset5-backfill-2026-04,2026-04-12,102359,19425198,384,Serie A,excluded,value_pool_failed_no_complete_market_family,2026-04-12T08:00:00-05:00,finished,True,True,5,1,FT_1X2,0,
249,shadow-subset5-backfill-2026-04,2026-04-12,102360,19425192,384,Serie A,excluded,value_pool_failed_no_complete_market_family,2026-04-12T11:00:00-05:00,finished,True,True,5,1,FT_1X2,0,
250,shadow-subset5-backfill-2026-04,2026-04-12,102361,19425194,384,Serie A,dsr_ready,eligible_dsr_ready,2026-04-12T13:45:00-05:00,finished,True,True,5,1,FT_1X2,1,FT_1X2
259,shadow-subset5-backfill-2026-04,2026-04-12,102333,19439556,564,La Liga,dsr_ready,eligible_dsr_ready,2026-04-12T07:00:00-05:00,finished,True,True,6,1,FT_1X2,1,FT_1X2
260,shadow-subset5-backfill-2026-04,2026-04-12,102334,19439555,564,La Liga,dsr_ready,eligible_dsr_ready,2026-04-12T09:15:00-05:00,finished,True,True,5,1,FT_1X2,1,FT_1X2
261,shadow-subset5-backfill-2026-04,2026-04-12,102335,19439552,564,La Liga,excluded,value_pool_failed_no_complete_market_family,2026-04-12T11:30:00-05:00,finished,True,True,5,1,FT_1X2,0,
262,shadow-subset5-backfill-2026-04,2026-04-12,102336,19439550,564,La Liga,dsr_ready,eligible_dsr_ready,2026-04-12T14:00:00-05:00,finished,True,True,8,1,FT_1X2,1,FT_1X2
215,shadow-subset5-backfill-2026-04,2026-04-13,102542,19427723,8,Premier League,dsr_ready,eligible_dsr_ready,2026-04-13T14:00:00-05:00,finished,True,True,5,1,FT_1X2,1,FT_1X2
251,shadow-subset5-backfill-2026-04,2026-04-13,102543,19425195,384,Serie A,dsr_ready,eligible_dsr_ready,2026-04-13T13:45:00-05:00,finished,True,True,5,1,FT_1X2,1,FT_1X2
263,shadow-subset5-backfill-2026-04,2026-04-13,102541,19439554,564,La Liga,excluded,value_pool_failed_no_complete_market_family,2026-04-13T14:00:00-05:00,finished,True,True,4,1,FT_1X2,0,
237,shadow-subset5-backfill-2026-04,2026-04-17,102609,19467900,301,Ligue 1,excluded,no_local_snapshot_before_t60,2026-04-17T13:45:00-05:00,scheduled,True,True,0,0,,0,
252,shadow-subset5-backfill-2026-04,2026-04-17,102632,19425209,384,Serie A,excluded,no_local_snapshot_before_t60,2026-04-17T11:30:00-05:00,scheduled,True,True,0,0,,0,
253,shadow-subset5-backfill-2026-04,2026-04-17,102633,19425203,384,Serie A,excluded,no_local_snapshot_before_t60,2026-04-17T13:45:00-05:00,scheduled,True,True,0,0,,0,
216,shadow-subset5-backfill-2026-04,2026-04-18,102619,19427729,8,Premier League,dsr_ready,eligible_dsr_ready,2026-04-18T06:30:00-05:00,finished,True,True,6,1,FT_1X2,1,FT_1X2
217,shadow-subset5-backfill-2026-04,2026-04-18,102620,19427733,8,Premier League,dsr_ready,eligible_dsr_ready,2026-04-18T09:00:00-05:00,finished,True,True,7,1,FT_1X2,1,FT_1X2
238,shadow-subset5-backfill-2026-04,2026-04-18,102610,19467898,301,Ligue 1,dsr_ready,eligible_dsr_ready,2026-04-18T10:00:00-05:00,finished,True,True,5,1,FT_1X2,1,FT_1X2
239,shadow-subset5-backfill-2026-04,2026-04-18,102611,19467901,301,Ligue 1,dsr_ready,eligible_dsr_ready,2026-04-18T12:00:00-05:00,finished,True,True,7,1,FT_1X2,1,FT_1X2
240,shadow-subset5-backfill-2026-04,2026-04-18,102612,19467895,301,Ligue 1,dsr_ready,eligible_dsr_ready,2026-04-18T14:05:00-05:00,finished,True,True,4,1,FT_1X2,1,FT_1X2
241,shadow-subset5-backfill-2026-04,2026-04-19,102613,19467903,301,Ligue 1,dsr_ready,eligible_dsr_ready,2026-04-19T08:00:00-05:00,finished,True,True,7,1,FT_1X2,1,FT_1X2
193,shadow-daily-2026-04-20,2026-04-20,102628,19427731,8,Premier League,dsr_ready,eligible_dsr_ready,2026-04-20T14:00:00-05:00,finished,True,True,5,1,FT_1X2,1,FT_1X2
194,shadow-daily-2026-04-20,2026-04-20,102641,19425205,384,Serie A,dsr_ready,eligible_dsr_ready,2026-04-20T13:45:00-05:00,finished,True,True,6,1,FT_1X2,1,FT_1X2
195,shadow-daily-2026-04-21,2026-04-21,102629,19427198,8,Premier League,excluded,no_local_snapshot_before_t60,2026-04-21T14:00:00-05:00,scheduled,True,True,0,0,,0,
196,shadow-daily-2026-04-21,2026-04-21,102602,19439570,564,La Liga,excluded,no_local_snapshot_before_t60,2026-04-21T12:00:00-05:00,scheduled,True,True,0,0,,0,
197,shadow-daily-2026-04-21,2026-04-21,102603,19439575,564,La Liga,excluded,no_local_snapshot_before_t60,2026-04-21T12:00:00-05:00,scheduled,True,True,0,0,,0,
198,shadow-daily-2026-04-21,2026-04-21,102604,19439573,564,La Liga,excluded,no_local_snapshot_before_t60,2026-04-21T14:30:00-05:00,scheduled,True,True,0,0,,0,
199,shadow-daily-2026-04-21,2026-04-21,102605,19439577,564,La Liga,excluded,no_local_snapshot_before_t60,2026-04-21T14:30:00-05:00,scheduled,True,True,0,0,,0,
264,shadow-subset5-backfill-2026-04,2026-04-21,102602,19439570,564,La Liga,excluded,no_local_snapshot_before_t60,2026-04-21T12:00:00-05:00,scheduled,True,True,0,0,,0,
265,shadow-subset5-backfill-2026-04,2026-04-21,102603,19439575,564,La Liga,excluded,no_local_snapshot_before_t60,2026-04-21T12:00:00-05:00,scheduled,True,True,0,0,,0,
200,shadow-daily-2026-04-22,2026-04-22,102630,19427199,8,Premier League,excluded,value_pool_failed_no_complete_market_family,2026-04-22T14:00:00-05:00,scheduled,True,True,11,1,FT_1X2,0,
201,shadow-daily-2026-04-22,2026-04-22,102631,19427739,8,Premier League,dsr_ready,eligible_dsr_ready,2026-04-22T14:00:00-05:00,scheduled,True,True,11,1,FT_1X2,1,FT_1X2
202,shadow-daily-2026-04-22,2026-04-22,102618,19467866,301,Ligue 1,excluded,value_pool_failed_no_complete_market_family,2026-04-22T12:00:00-05:00,scheduled,True,True,11,1,FT_1X2,0,
203,shadow-daily-2026-04-22,2026-04-22,102606,19439572,564,La Liga,dsr_ready,eligible_dsr_ready,2026-04-22T12:00:00-05:00,scheduled,True,True,11,1,FT_1X2,1,FT_1X2
204,shadow-daily-2026-04-22,2026-04-22,102607,19439579,564,La Liga,dsr_ready,eligible_dsr_ready,2026-04-22T13:00:00-05:00,scheduled,True,True,11,1,FT_1X2,1,FT_1X2
205,shadow-daily-2026-04-22,2026-04-22,102608,19439571,564,La Liga,excluded,value_pool_failed_no_complete_market_family,2026-04-22T14:30:00-05:00,scheduled,True,True,11,1,FT_1X2,0,
189,shadow-daily-2026-04-27,2026-04-27,0,19427202,8,Premier League,excluded,missing_bt2_event_id,,,False,False,0,0,,0,
190,shadow-daily-2026-04-27,2026-04-27,0,19425212,384,Serie A,excluded,missing_bt2_event_id,,,False,False,0,0,,0,
191,shadow-daily-2026-04-27,2026-04-27,0,19425216,384,Serie A,excluded,missing_bt2_event_id,,,False,False,0,0,,0,
192,shadow-daily-2026-04-27,2026-04-27,0,19439562,564,La Liga,excluded,missing_bt2_event_id,,,False,False,0,0,,0,
